use mimings_cuisine;

-- ALTER TABLE shift 
-- ADD CONSTRAINT shift_empShift_fk04 FOREIGN KEY (managerID, shiftDate, dayType) REFERENCES empShift(empID, shiftDate, dayType),
-- ADD CONSTRAINT shift__empShift_fk05 FOREIGN KEY (chefID, shiftDate, dayType) REFERENCES empShift(empID, shiftDate, dayType);

-- before inserting into shift and empshift
-- SET FOREIGN_KEY_CHECKS=0; 

-- after inserting
-- SET FOREIGN_KEY_CHECKS=1; 

-- Data for employees
INSERT INTO employees (empID, empName, dob, designatedArea, incomeType)
VALUES 
(1004, 'Shona Kidd', '1993-03-19', 'BOH', 'Salary'),
(1015, 'Sharna Gaines', '1993-03-07', 'BOH', 'Salary'),
(1016, 'Edward Mercer', '1991-04-27', 'BOH', 'Salary'),
(1017, 'Giselle Joyce', '1984-11-18', 'BOH', 'Salary'),
(1022, 'Samantha Cline', '1987-11-20', 'BOH', 'Salary'),
(1026, 'Raees Schroeder', '1980-11-11', 'BOH', 'Salary'),
(1042, 'Ameerah Stephens', '1986-01-25', 'BOH', 'Salary'),
(1055, 'Danish Carlson', '1998-06-21', 'BOH', 'Salary'),
(1064, 'Zeenat Olson', '1982-03-23', 'BOH', 'Salary'),
(1092, 'Aneesa Laing', '1984-11-23', 'BOH', 'Salary'),
(1101, 'Angela Mcdonald', '1989-01-26', 'BOH', 'Salary'),
(1114, 'Guy Salas', '1988-05-14', 'BOH', 'Salary'),
(1142, 'Tina Thompson', '1983-12-06', 'BOH', 'Salary'),
(1145, 'Khadija Espinoza', '1987-03-25', 'BOH', 'Salary'),
(1149, 'Montgomery Pena', '1985-01-19', 'BOH', 'Salary'),
(1152, 'Emme Houston', '1994-01-25', 'BOH', 'Salary'),
(1153, 'Nancie Colley', '1995-10-29', 'BOH', 'Salary'),
(1154, 'Olli Harris', '1993-11-25', 'BOH', 'Salary'),
(1156, 'Grover Harper', '1987-03-25', 'BOH', 'Salary'),
(1160, 'Said Rasmussen', '1995-06-23', 'BOH', 'Salary'),
(1162, 'Samantha Kline', '1994-03-30', 'BOH', 'Salary'),
(1161, 'Malaki Hussain', '1998-05-24', 'BOH', 'Salary'),
(1164, 'Amy-Louise Clarkson', '1990-07-31', 'BOH', 'Salary'),
(1166, 'Clarence Rivers', '1985-04-13', 'BOH', 'Salary'),
(1167, 'Samirah Greer', '1992-06-21', 'BOH', 'Salary'),
(1168, 'Gwion Beck', '1996-01-09', 'BOH', 'Salary'),
(1177, 'Giulia Benjamin', '1988-06-26', 'BOH', 'Salary'),
(1180, 'Arnav Spooner', '1982-03-16', 'BOH', 'Salary'),
(1195, 'Saba Luna', '1987-06-07', 'BOH', 'Salary'),
(1196, 'Graham Braun', '1994-10-26', 'BOH', 'Salary'),
(1208, 'Kaeden Swan', '1994-02-04', 'BOH', 'Salary'),
(1215, 'Catrin Hall', '1980-04-03', 'BOH', 'Salary'),
(1223, 'Beauden Reynolds', '1982-03-04', 'BOH', 'Salary'),
(1235, 'Stanislaw Clark', '1996-09-26', 'BOH', 'Salary'),
(1236, 'Viktoria Watson', '1988-03-19', 'BOH', 'Salary'),
(1239, 'Ashton Buck', '1985-11-30', 'BOH', 'Salary'),
(1240, 'Zoha Whelan', '1988-01-06', 'BOH', 'Salary'),
(1241, 'Jeanne Sanford', '1994-06-23', 'BOH', 'Salary'),
(1247, 'Emilija Padilla', '1988-05-20', 'BOH', 'Salary'),
(1250, 'Joe Keller', '1996-07-12', 'BOH', 'Salary'),
(1252, 'Aubree Begum', '1983-01-28', 'BOH', 'Salary'),
(1265, 'Ashlyn Delaney', '1985-12-18', 'BOH', 'Salary'),
(1266, 'Arnas Khan', '1987-11-17', 'BOH', 'Salary'),
(1269, 'Valentino Medrano', '1986-04-15', 'BOH', 'Salary'),
(1272, 'Hannah Mcpherson', '1995-09-28', 'BOH', 'Salary'),
(1281, 'Talia Morrow', '1982-07-25', 'BOH', 'Salary'),
(1288, 'Sila Villarreal', '1980-09-23', 'BOH', 'Salary'),
(1293, 'Nikolas William', '1991-11-04', 'BOH', 'Salary'),
(1294, 'Kristen Adamson', '1996-07-12', 'BOH', 'Salary'),
(1299, 'Amanda Knox', '1990-09-24', 'BOH', 'Salary'),
(2008, 'Weronika Day', '1998-10-17', 'FOH', 'Hourly'),
(2082, 'Warwick Scott', '1982-02-04', 'FOH', 'Hourly'),
(2175, 'Cadi Quinn', '1988-07-12', 'FOH', 'Hourly'),
(2373, 'Iestyn Bowes', '1983-06-20', 'FOH', 'Hourly'),
(2403, 'Vivien Manning', '1989-02-28', 'FOH', 'Hourly'),
(2418, 'Andreea Sharples', '1995-10-15', 'FOH', 'Hourly'),
(2453, 'Karolina Rice', '1991-04-22', 'FOH', 'Hourly'),
(2590, 'Vijay Vargas', '1995-03-24', 'FOH', 'Hourly'),
(2691, 'Shauna Dunn', '1989-05-10', 'FOH', 'Hourly'),
(2798, 'Denny Steele', '1998-05-06', 'FOH', 'Hourly'),
(9410, 'Saniya Penn', '1996-07-26', 'FOH', 'Salary'),
(9465, 'Anas Howell', '1982-04-21', 'FOH', 'Salary'),
(9732, 'Nylah Lynn', '1986-09-16', 'FOH', 'Salary'),
(9811, 'Graeme Bailey', '1990-09-16', 'FOH', 'Salary'),
(9899, 'Ray Castillo', '1998-02-18', 'FOH', 'Salary'),
(3028, 'Alma Gibbons', '1992-01-09', 'FOH', 'Hourly'),
(3065, 'Arlene Meza', '1983-10-28', 'FOH', 'Hourly'),
(3067, 'Dimitri Sharpe', '1990-05-05', 'FOH', 'Hourly'),
(3069, 'Daisy Duran', '1991-08-28', 'FOH', 'Hourly'),
(3147, 'Vicki Crane', '1998-07-20', 'FOH', 'Hourly'),
(3178, 'Aryaan Vo', '1981-03-20', 'FOH', 'Hourly'),
(3253, 'Karam Deacon', '1991-05-08', 'FOH', 'Hourly'),
(3366, 'Mariyah Chen', '1998-09-26', 'FOH', 'Hourly'),
(3370, 'Amelia-Rose Mcfadden', '1991-08-14', 'FOH', 'Hourly'),
(3371, 'Yousif Begum', '1991-10-15', 'FOH', 'Hourly'),
(3377, 'Amber Talbot', '1998-02-02', 'FOH', 'Hourly'),
(3410, 'Krisha Cox', '1996-01-31', 'FOH', 'Hourly'),
(3448, 'Darla Chase', '1994-11-17', 'FOH', 'Hourly'),
(3456, 'Shahzaib Mansell', '1983-10-13', 'FOH', 'Hourly'),
(3457, 'Rose Alfaro', '1987-02-04', 'FOH', 'Hourly'),
(3498, 'Ruairi Pollard', '1984-03-24', 'FOH', 'Hourly'),
(3516, 'Martina Sinclair', '1988-09-14', 'FOH', 'Hourly'),
(3567, 'Grayson Robin', '1991-01-19', 'FOH', 'Hourly'),
(3603, 'Laila Ewing', '1981-07-24', 'FOH', 'Hourly'),
(3660, 'Ami Dawson', '1994-06-19', 'FOH', 'Hourly'),
(3661, 'Kohen Franks', '1983-12-02', 'FOH', 'Hourly'),
(3678, 'Riley Clegg', '1994-06-27', 'FOH', 'Hourly'),
(3731, 'Hafsa Lowe', '1987-12-10', 'FOH', 'Hourly'),
(3751, 'Cara Povey', '1993-12-15', 'FOH', 'Hourly'),
(3822, 'Nella Bowden', '1994-02-25', 'FOH', 'Hourly'),
(3823, 'Rikki Wooten', '1981-10-23', 'FOH', 'Hourly'),
(3855, 'Melvin Floyd', '1981-06-21', 'FOH', 'Hourly'),
(3890, 'Charlize Colley', '1991-10-07', 'FOH', 'Hourly'),
(3938, 'Cathy Joyner', '1993-09-09', 'FOH', 'Hourly'),
(3967, 'Daniaal Brock', '1995-12-01', 'FOH', 'Hourly'),
(4292, 'Ioana Barrera', '1985-11-28', 'BOH', 'Hourly'),
(4314, 'Ammaarah Wright', '1993-02-02', 'BOH', 'Hourly'),
(4402, 'Sachin Orozco', '1995-09-12', 'BOH', 'Hourly'),
(4411, 'Martin Delacruz', '1990-11-11', 'BOH', 'Hourly'),
(4537, 'Leticia Donaldson', '1993-12-02', 'BOH', 'Hourly'),
(4762, 'Lila Vaughan', '1984-06-21', 'BOH', 'Hourly'),
(4872, 'Lilliana Corrigan', '1984-06-10', 'BOH', 'Hourly'),
(4914, 'Sabina Britt', '1984-09-02', 'BOH', 'Hourly'),
(4950, 'Syed Perry', '1998-12-06', 'BOH', 'Hourly'),
(4981, 'Fred Cantu', '1982-09-23', 'BOH', 'Hourly');

SET FOREIGN_KEY_CHECKS=0;

INSERT INTO empShift (empID, shiftDate, dayType, managerID, chefID)
VALUES 
(1004, '2011-01-03', 'Afternoon', 9410, 1004),
(1015, '2011-01-02', 'Evening', 9465, 1015),
(1016, '2011-02-16', 'Afternoon', 9732, 1016),
(1017, '2011-02-18', 'Evening', 9811, 1017),
(1022, '2011-03-03', 'Afternoon', 9899, 1022),
(1026, '2011-03-04', 'Evening', 9410, 1026),
(1042, '2011-03-29', 'Afternoon', 9465, 1042),
(1055, '2011-03-31', 'Evening', 9732, 1055),
(1064, '2011-04-10', 'Afternoon', 9811, 1064),
(1092, '2011-04-18', 'Evening', 9899, 1092),
(1004, '2011-04-26', 'Afternoon', 9410, 1004),
(1015, '2011-04-28', 'Evening', 9465, 1015),
(1016, '2011-04-27', 'Afternoon', 9732, 1016),
(1017, '2011-05-24', 'Evening', 9811, 1017),
(1022, '2011-07-08', 'Afternoon', 9899, 1022),
(1026, '2011-07-14', 'Evening', 9410, 1026),
(1042, '2011-07-17', 'Afternoon', 9465, 1042),
(1055, '2011-07-21', 'Evening', 9732, 1055),
(1064, '2011-07-22', 'Afternoon', 9811, 1064),
(1092, '2011-07-31', 'Evening', 9899, 1092),
(1004, '2011-08-23', 'Afternoon', 9410, 1004),
(1015, '2011-08-31', 'Evening', 9465, 1015),
(1016, '2011-09-29', 'Afternoon', 9732, 1016),
(1017, '2011-10-15', 'Evening', 9811, 1017),
(1022, '2011-10-25', 'Afternoon', 9899, 1022),
(1026, '2011-11-04', 'Evening', 9410, 1026),
(1042, '2011-11-19', 'Afternoon', 9465, 1042),
(1055, '2011-12-03', 'Evening', 9732, 1055),
(1064, '2011-12-24', 'Afternoon', 9811, 1064),
(1092, '2012-02-13', 'Evening', 9899, 1092),
(1004, '2012-04-09', 'Afternoon', 9410, 1004),
(1015, '2012-04-15', 'Evening', 9465, 1015),
(1016, '2012-05-13', 'Afternoon', 9732, 1016),
(1017, '2012-05-19', 'Evening', 9811, 1017),
(1022, '2012-05-24', 'Afternoon', 9899, 1022),
(1026, '2012-05-29', 'Evening', 9410, 1026),
(1042, '2012-06-09', 'Afternoon', 9465, 1042),
(1055, '2012-08-08', 'Evening', 9732, 1055),
(1064, '2012-09-23', 'Afternoon', 9811, 1064),
(1092, '2012-10-04', 'Evening', 9899, 1092),
(1004, '2012-10-26', 'Afternoon', 9410, 1004),
(1015, '2012-11-10', 'Evening', 9465, 1015),
(1016, '2012-12-01', 'Afternoon', 9732, 1016),
(1017, '2013-01-18', 'Evening', 9811, 1017),
(1022, '2013-03-27', 'Afternoon', 9899, 1022),
(1026, '2013-03-30', 'Evening', 9410, 1026),
(1042, '2013-04-01', 'Afternoon', 9465, 1042),
(1055, '2013-04-12', 'Evening', 9732, 1055),
(1064, '2013-05-18', 'Afternoon', 9811, 1064),
(1092, '2013-05-20', 'Evening', 9899, 1092),
(1004, '2013-07-04', 'Afternoon', 9410, 1004),
(1015, '2013-07-20', 'Evening', 9465, 1015),
(1016, '2013-07-23', 'Afternoon', 9732, 1016),
(1017, '2013-08-19', 'Evening', 9811, 1017),
(1022, '2013-08-29', 'Afternoon', 9899, 1022),
(1026, '2013-09-13', 'Evening', 9410, 1026),
(1042, '2013-10-03', 'Afternoon', 9465, 1042),
(1055, '2013-10-17', 'Evening', 9732, 1055),
(1064, '2013-10-19', 'Afternoon', 9811, 1064),
(1092, '2013-11-11', 'Evening', 9899, 1092),
(1004, '2013-11-22', 'Afternoon', 9410, 1004),
(1015, '2013-12-21', 'Evening', 9465, 1015),
(1016, '2013-12-24', 'Afternoon', 9732, 1016),
(1017, '2014-03-06', 'Evening', 9811, 1017),
(1022, '2014-04-20', 'Afternoon', 9899, 1022),
(1026, '2014-05-21', 'Evening', 9410, 1026),
(1042, '2014-06-01', 'Afternoon', 9465, 1042),
(1055, '2014-06-29', 'Evening', 9732, 1055),
(1064, '2014-07-13', 'Afternoon', 9811, 1064),
(1092, '2014-07-16', 'Evening', 9899, 1092),
(1004, '2014-11-08', 'Afternoon', 9410, 1004),
(1015, '2014-12-19', 'Evening', 9465, 1015),
(1016, '2015-01-30', 'Afternoon', 9732, 1016),
(1017, '2015-03-10', 'Evening', 9811, 1017),
(1022, '2015-04-16', 'Afternoon', 9899, 1022),
(1026, '2015-05-06', 'Evening', 9410, 1026),
(1042, '2015-05-17', 'Afternoon', 9465, 1042),
(1055, '2015-05-25', 'Evening', 9732, 1055),
(1064, '2015-06-22', 'Afternoon', 9811, 1064),
(1092, '2015-06-28', 'Evening', 9899, 1092),
(1004, '2015-07-10', 'Afternoon', 9410, 1004),
(1015, '2015-08-07', 'Evening', 9465, 1015),
(1016, '2015-08-19', 'Afternoon', 9732, 1016),
(1017, '2015-09-29', 'Evening', 9811, 1017),
(1022, '2015-10-22', 'Afternoon', 9899, 1022),
(1026, '2015-10-23', 'Evening', 9410, 1026),
(1042, '2015-11-02', 'Afternoon', 9465, 1042),
(1055, '2015-12-03', 'Evening', 9732, 1055),
(1064, '2015-12-31', 'Afternoon', 9811, 1064),
(1092, '2016-01-27', 'Evening', 9899, 1092),
(1004, '2016-04-09', 'Afternoon', 9410, 1004),
(1015, '2016-04-10', 'Evening', 9465, 1015),
(1016, '2016-04-14', 'Afternoon', 9732, 1016),
(1017, '2016-04-15', 'Evening', 9811, 1017),
(1022, '2016-04-29', 'Afternoon', 9899, 1022),
(1026, '2016-05-04', 'Evening', 9410, 1026),
(1042, '2016-05-18', 'Afternoon', 9465, 1042),
(1055, '2016-07-25', 'Evening', 9732, 1055),
(1064, '2016-09-07', 'Afternoon', 9811, 1064),
(1092, '2016-09-21', 'Evening', 9899, 1092),
(1004, '2016-09-22', 'Afternoon', 9410, 1004),
(1015, '2016-10-30', 'Evening', 9465, 1015),
(1016, '2016-11-13', 'Afternoon', 9732, 1016),
(1017, '2016-11-14', 'Evening', 9811, 1017),
(1022, '2016-11-16', 'Afternoon', 9899, 1022),
(1026, '2016-11-20', 'Evening', 9410, 1026),
(1042, '2016-12-02', 'Afternoon', 9465, 1042),
(1055, '2017-01-20', 'Evening', 9732, 1055),
(1064, '2017-03-02', 'Afternoon', 9811, 1064),
(1092, '2017-03-29', 'Evening', 9899, 1092),
(1004, '2017-04-03', 'Afternoon', 9410, 1004),
(1015, '2017-04-09', 'Evening', 9465, 1015),
(1016, '2017-04-21', 'Afternoon', 9732, 1016),
(1017, '2017-05-04', 'Evening', 9811, 1017),
(1022, '2017-05-16', 'Afternoon', 9899, 1022),
(1026, '2017-07-20', 'Evening', 9410, 1026),
(1042, '2017-08-21', 'Afternoon', 9465, 1042),
(1055, '2017-09-18', 'Evening', 9732, 1055),
(1064, '2017-09-22', 'Afternoon', 9811, 1064),
(1092, '2017-11-10', 'Evening', 9899, 1092),
(1004, '2017-11-11', 'Afternoon', 9410, 1004),
(1015, '2018-01-06', 'Evening', 9465, 1015),
(1016, '2018-03-15', 'Afternoon', 9732, 1016),
(1017, '2018-04-04', 'Evening', 9811, 1017),
(1022, '2018-06-09', 'Afternoon', 9899, 1022),
(1026, '2018-06-20', 'Evening', 9410, 1026),
(1042, '2018-07-20', 'Afternoon', 9465, 1042),
(1055, '2018-09-01', 'Evening', 9732, 1055),
(1064, '2018-09-07', 'Afternoon', 9811, 1064),
(1092, '2018-09-08', 'Evening', 9899, 1092),
(1004, '2018-10-07', 'Afternoon', 9410, 1004),
(1015, '2018-10-30', 'Evening', 9465, 1015),
(1016, '2018-11-07', 'Afternoon', 9732, 1016),
(1017, '2018-11-08', 'Evening', 9811, 1017),
(1022, '2018-11-21', 'Afternoon', 9899, 1022),
(1026, '2019-01-19', 'Evening', 9410, 1026),
(1042, '2019-03-29', 'Afternoon', 9465, 1042),
(1055, '2019-04-14', 'Evening', 9732, 1055),
(1064, '2019-05-08', 'Afternoon', 9811, 1064),
(1092, '2019-05-15', 'Evening', 9899, 1092),
(1004, '2019-08-11', 'Afternoon', 9410, 1004),
(1015, '2019-08-13', 'Evening', 9465, 1015),
(1016, '2019-09-09', 'Afternoon', 9732, 1016),
(1017, '2019-09-10', 'Evening', 9811, 1017),
(1022, '2019-09-12', 'Afternoon', 9899, 1022),
(1026, '2019-09-15', 'Evening', 9410, 1026),
(1042, '2019-09-28', 'Afternoon', 9465, 1042),
(1055, '2019-09-29', 'Evening', 9732, 1055),
(1064, '2019-11-11', 'Afternoon', 9811, 1064),
(1092, '2019-11-29', 'Evening', 9899, 1092),
(1101, '2011-01-03', 'Afternoon', 9410, 1004),
(1114, '2011-01-02', 'Evening', 9465, 1015),
(1142, '2011-02-16', 'Afternoon', 9732, 1016),
(1145, '2011-02-18', 'Evening', 9811, 1017),
(1149, '2011-03-03', 'Afternoon', 9899, 1022),
(1152, '2011-03-04', 'Evening', 9410, 1026),
(1153, '2011-03-29', 'Afternoon', 9465, 1042),
(1154, '2011-03-31', 'Evening', 9732, 1055),
(1156, '2011-04-10', 'Afternoon', 9811, 1064),
(1160, '2011-04-18', 'Evening', 9899, 1092),
(1162, '2011-04-26', 'Afternoon', 9410, 1004),
(1161, '2011-04-28', 'Evening', 9465, 1015),
(1164, '2011-04-27', 'Afternoon', 9732, 1016),
(1166, '2011-05-24', 'Evening', 9811, 1017),
(1167, '2011-07-08', 'Afternoon', 9899, 1022),
(1168, '2011-07-14', 'Evening', 9410, 1026),
(1177, '2011-07-17', 'Afternoon', 9465, 1042),
(1180, '2011-07-21', 'Evening', 9732, 1055),
(1195, '2011-07-22', 'Afternoon', 9811, 1064),
(1196, '2011-07-31', 'Evening', 9899, 1092),
(1101, '2011-08-23', 'Afternoon', 9410, 1004),
(1114, '2011-08-31', 'Evening', 9465, 1015),
(1142, '2011-09-29', 'Afternoon', 9732, 1016),
(1145, '2011-10-15', 'Evening', 9811, 1017),
(1149, '2011-10-25', 'Afternoon', 9899, 1022),
(1152, '2011-11-04', 'Evening', 9410, 1026),
(1153, '2011-11-19', 'Afternoon', 9465, 1042),
(1154, '2011-12-03', 'Evening', 9732, 1055),
(1156, '2011-12-24', 'Afternoon', 9811, 1064),
(1160, '2012-02-13', 'Evening', 9899, 1092),
(1162, '2012-04-09', 'Afternoon', 9410, 1004),
(1161, '2012-04-15', 'Evening', 9465, 1015),
(1164, '2012-05-13', 'Afternoon', 9732, 1016),
(1166, '2012-05-19', 'Evening', 9811, 1017),
(1167, '2012-05-24', 'Afternoon', 9899, 1022),
(1168, '2012-05-29', 'Evening', 9410, 1026),
(1177, '2012-06-09', 'Afternoon', 9465, 1042),
(1180, '2012-08-08', 'Evening', 9732, 1055),
(1195, '2012-09-23', 'Afternoon', 9811, 1064),
(1196, '2012-10-04', 'Evening', 9899, 1092),
(1101, '2012-10-26', 'Afternoon', 9410, 1004),
(1114, '2012-11-10', 'Evening', 9465, 1015),
(1142, '2012-12-01', 'Afternoon', 9732, 1016),
(1145, '2013-01-18', 'Evening', 9811, 1017),
(1149, '2013-03-27', 'Afternoon', 9899, 1022),
(1152, '2013-03-30', 'Evening', 9410, 1026),
(1153, '2013-04-01', 'Afternoon', 9465, 1042),
(1154, '2013-04-12', 'Evening', 9732, 1055),
(1156, '2013-05-18', 'Afternoon', 9811, 1064),
(1160, '2013-05-20', 'Evening', 9899, 1092),
(1162, '2013-07-04', 'Afternoon', 9410, 1004),
(1161, '2013-07-20', 'Evening', 9465, 1015),
(1164, '2013-07-23', 'Afternoon', 9732, 1016),
(1166, '2013-08-19', 'Evening', 9811, 1017),
(1167, '2013-08-29', 'Afternoon', 9899, 1022),
(1168, '2013-09-13', 'Evening', 9410, 1026),
(1177, '2013-10-03', 'Afternoon', 9465, 1042),
(1180, '2013-10-17', 'Evening', 9732, 1055),
(1195, '2013-10-19', 'Afternoon', 9811, 1064),
(1196, '2013-11-11', 'Evening', 9899, 1092),
(1101, '2013-11-22', 'Afternoon', 9410, 1004),
(1114, '2013-12-21', 'Evening', 9465, 1015),
(1142, '2013-12-24', 'Afternoon', 9732, 1016),
(1145, '2014-03-06', 'Evening', 9811, 1017),
(1149, '2014-04-20', 'Afternoon', 9899, 1022),
(1152, '2014-05-21', 'Evening', 9410, 1026),
(1153, '2014-06-01', 'Afternoon', 9465, 1042),
(1154, '2014-06-29', 'Evening', 9732, 1055),
(1156, '2014-07-13', 'Afternoon', 9811, 1064),
(1160, '2014-07-16', 'Evening', 9899, 1092),
(1162, '2014-11-08', 'Afternoon', 9410, 1004),
(1161, '2014-12-19', 'Evening', 9465, 1015),
(1164, '2015-01-30', 'Afternoon', 9732, 1016),
(1166, '2015-03-10', 'Evening', 9811, 1017),
(1167, '2015-04-16', 'Afternoon', 9899, 1022),
(1168, '2015-05-06', 'Evening', 9410, 1026),
(1177, '2015-05-17', 'Afternoon', 9465, 1042),
(1180, '2015-05-25', 'Evening', 9732, 1055),
(1195, '2015-06-22', 'Afternoon', 9811, 1064),
(1196, '2015-06-28', 'Evening', 9899, 1092),
(1101, '2015-07-10', 'Afternoon', 9410, 1004),
(1114, '2015-08-07', 'Evening', 9465, 1015),
(1142, '2015-08-19', 'Afternoon', 9732, 1016),
(1145, '2015-09-29', 'Evening', 9811, 1017),
(1149, '2015-10-22', 'Afternoon', 9899, 1022),
(1152, '2015-10-23', 'Evening', 9410, 1026),
(1153, '2015-11-02', 'Afternoon', 9465, 1042),
(1154, '2015-12-03', 'Evening', 9732, 1055),
(1156, '2015-12-31', 'Afternoon', 9811, 1064),
(1160, '2016-01-27', 'Evening', 9899, 1092),
(1162, '2016-04-09', 'Afternoon', 9410, 1004),
(1161, '2016-04-10', 'Evening', 9465, 1015),
(1164, '2016-04-14', 'Afternoon', 9732, 1016),
(1166, '2016-04-15', 'Evening', 9811, 1017),
(1167, '2016-04-29', 'Afternoon', 9899, 1022),
(1168, '2016-05-04', 'Evening', 9410, 1026),
(1177, '2016-05-18', 'Afternoon', 9465, 1042),
(1180, '2016-07-25', 'Evening', 9732, 1055),
(1195, '2016-09-07', 'Afternoon', 9811, 1064),
(1196, '2016-09-21', 'Evening', 9899, 1092),
(1101, '2016-09-22', 'Afternoon', 9410, 1004),
(1114, '2016-10-30', 'Evening', 9465, 1015),
(1142, '2016-11-13', 'Afternoon', 9732, 1016),
(1145, '2016-11-14', 'Evening', 9811, 1017),
(1149, '2016-11-16', 'Afternoon', 9899, 1022),
(1152, '2016-11-20', 'Evening', 9410, 1026),
(1153, '2016-12-02', 'Afternoon', 9465, 1042),
(1154, '2017-01-20', 'Evening', 9732, 1055),
(1156, '2017-03-02', 'Afternoon', 9811, 1064),
(1160, '2017-03-29', 'Evening', 9899, 1092),
(1162, '2017-04-03', 'Afternoon', 9410, 1004),
(1161, '2017-04-09', 'Evening', 9465, 1015),
(1164, '2017-04-21', 'Afternoon', 9732, 1016),
(1166, '2017-05-04', 'Evening', 9811, 1017),
(1167, '2017-05-16', 'Afternoon', 9899, 1022),
(1168, '2017-07-20', 'Evening', 9410, 1026),
(1177, '2017-08-21', 'Afternoon', 9465, 1042),
(1180, '2017-09-18', 'Evening', 9732, 1055),
(1195, '2017-09-22', 'Afternoon', 9811, 1064),
(1196, '2017-11-10', 'Evening', 9899, 1092),
(1101, '2017-11-11', 'Afternoon', 9410, 1004),
(1114, '2018-01-06', 'Evening', 9465, 1015),
(1142, '2018-03-15', 'Afternoon', 9732, 1016),
(1145, '2018-04-04', 'Evening', 9811, 1017),
(1149, '2018-06-09', 'Afternoon', 9899, 1022),
(1152, '2018-06-20', 'Evening', 9410, 1026),
(1153, '2018-07-20', 'Afternoon', 9465, 1042),
(1154, '2018-09-01', 'Evening', 9732, 1055),
(1156, '2018-09-07', 'Afternoon', 9811, 1064),
(1160, '2018-09-08', 'Evening', 9899, 1092),
(1162, '2018-10-07', 'Afternoon', 9410, 1004),
(1161, '2018-10-30', 'Evening', 9465, 1015),
(1164, '2018-11-07', 'Afternoon', 9732, 1016),
(1166, '2018-11-08', 'Evening', 9811, 1017),
(1167, '2018-11-21', 'Afternoon', 9899, 1022),
(1168, '2019-01-19', 'Evening', 9410, 1026),
(1177, '2019-03-29', 'Afternoon', 9465, 1042),
(1180, '2019-04-14', 'Evening', 9732, 1055),
(1195, '2019-05-08', 'Afternoon', 9811, 1064),
(1196, '2019-05-15', 'Evening', 9899, 1092),
(1101, '2019-08-11', 'Afternoon', 9410, 1004),
(1114, '2019-08-13', 'Evening', 9465, 1015),
(1142, '2019-09-09', 'Afternoon', 9732, 1016),
(1145, '2019-09-10', 'Evening', 9811, 1017),
(1149, '2019-09-12', 'Afternoon', 9899, 1022),
(1152, '2019-09-15', 'Evening', 9410, 1026),
(1153, '2019-09-28', 'Afternoon', 9465, 1042),
(1154, '2019-09-29', 'Evening', 9732, 1055),
(1156, '2019-11-11', 'Afternoon', 9811, 1064),
(1160, '2019-11-29', 'Evening', 9899, 1092),
(1208, '2011-01-03', 'Afternoon', 9410, 1004),
(1215, '2011-01-02', 'Evening', 9465, 1015),
(1223, '2011-02-16', 'Afternoon', 9732, 1016),
(1235, '2011-02-18', 'Evening', 9811, 1017),
(1236, '2011-03-03', 'Afternoon', 9899, 1022),
(1239, '2011-03-04', 'Evening', 9410, 1026),
(1240, '2011-03-29', 'Afternoon', 9465, 1042),
(1241, '2011-03-31', 'Evening', 9732, 1055),
(1247, '2011-04-10', 'Afternoon', 9811, 1064),
(1250, '2011-04-18', 'Evening', 9899, 1092),
(1252, '2011-04-26', 'Afternoon', 9410, 1004),
(1265, '2011-04-28', 'Evening', 9465, 1015),
(1266, '2011-04-27', 'Afternoon', 9732, 1016),
(1269, '2011-05-24', 'Evening', 9811, 1017),
(1272, '2011-07-08', 'Afternoon', 9899, 1022),
(1281, '2011-07-14', 'Evening', 9410, 1026),
(1288, '2011-07-17', 'Afternoon', 9465, 1042),
(1293, '2011-07-21', 'Evening', 9732, 1055),
(1294, '2011-07-22', 'Afternoon', 9811, 1064),
(1299, '2011-07-31', 'Evening', 9899, 1092),
(1208, '2011-08-23', 'Afternoon', 9410, 1004),
(1215, '2011-08-31', 'Evening', 9465, 1015),
(1223, '2011-09-29', 'Afternoon', 9732, 1016),
(1235, '2011-10-15', 'Evening', 9811, 1017),
(1236, '2011-10-25', 'Afternoon', 9899, 1022),
(1239, '2011-11-04', 'Evening', 9410, 1026),
(1240, '2011-11-19', 'Afternoon', 9465, 1042),
(1241, '2011-12-03', 'Evening', 9732, 1055),
(1247, '2011-12-24', 'Afternoon', 9811, 1064),
(1250, '2012-02-13', 'Evening', 9899, 1092),
(1252, '2012-04-09', 'Afternoon', 9410, 1004),
(1265, '2012-04-15', 'Evening', 9465, 1015),
(1266, '2012-05-13', 'Afternoon', 9732, 1016),
(1269, '2012-05-19', 'Evening', 9811, 1017),
(1272, '2012-05-24', 'Afternoon', 9899, 1022),
(1281, '2012-05-29', 'Evening', 9410, 1026),
(1288, '2012-06-09', 'Afternoon', 9465, 1042),
(1293, '2012-08-08', 'Evening', 9732, 1055),
(1294, '2012-09-23', 'Afternoon', 9811, 1064),
(1299, '2012-10-04', 'Evening', 9899, 1092),
(1208, '2012-10-26', 'Afternoon', 9410, 1004),
(1215, '2012-11-10', 'Evening', 9465, 1015),
(1223, '2012-12-01', 'Afternoon', 9732, 1016),
(1235, '2013-01-18', 'Evening', 9811, 1017),
(1236, '2013-03-27', 'Afternoon', 9899, 1022),
(1239, '2013-03-30', 'Evening', 9410, 1026),
(1240, '2013-04-01', 'Afternoon', 9465, 1042),
(1241, '2013-04-12', 'Evening', 9732, 1055),
(1247, '2013-05-18', 'Afternoon', 9811, 1064),
(1250, '2013-05-20', 'Evening', 9899, 1092),
(1252, '2013-07-04', 'Afternoon', 9410, 1004),
(1265, '2013-07-20', 'Evening', 9465, 1015),
(1266, '2013-07-23', 'Afternoon', 9732, 1016),
(1269, '2013-08-19', 'Evening', 9811, 1017),
(1272, '2013-08-29', 'Afternoon', 9899, 1022),
(1281, '2013-09-13', 'Evening', 9410, 1026),
(1288, '2013-10-03', 'Afternoon', 9465, 1042),
(1293, '2013-10-17', 'Evening', 9732, 1055),
(1294, '2013-10-19', 'Afternoon', 9811, 1064),
(1299, '2013-11-11', 'Evening', 9899, 1092),
(1208, '2013-11-22', 'Afternoon', 9410, 1004),
(1215, '2013-12-21', 'Evening', 9465, 1015),
(1223, '2013-12-24', 'Afternoon', 9732, 1016),
(1235, '2014-03-06', 'Evening', 9811, 1017),
(1236, '2014-04-20', 'Afternoon', 9899, 1022),
(1239, '2014-05-21', 'Evening', 9410, 1026),
(1240, '2014-06-01', 'Afternoon', 9465, 1042),
(1241, '2014-06-29', 'Evening', 9732, 1055),
(1247, '2014-07-13', 'Afternoon', 9811, 1064),
(1250, '2014-07-16', 'Evening', 9899, 1092),
(1252, '2014-11-08', 'Afternoon', 9410, 1004),
(1265, '2014-12-19', 'Evening', 9465, 1015),
(1266, '2015-01-30', 'Afternoon', 9732, 1016),
(1269, '2015-03-10', 'Evening', 9811, 1017),
(1272, '2015-04-16', 'Afternoon', 9899, 1022),
(1281, '2015-05-06', 'Evening', 9410, 1026),
(1288, '2015-05-17', 'Afternoon', 9465, 1042),
(1293, '2015-05-25', 'Evening', 9732, 1055),
(1294, '2015-06-22', 'Afternoon', 9811, 1064),
(1299, '2015-06-28', 'Evening', 9899, 1092),
(1208, '2015-07-10', 'Afternoon', 9410, 1004),
(1215, '2015-08-07', 'Evening', 9465, 1015),
(1223, '2015-08-19', 'Afternoon', 9732, 1016),
(1235, '2015-09-29', 'Evening', 9811, 1017),
(1236, '2015-10-22', 'Afternoon', 9899, 1022),
(1239, '2015-10-23', 'Evening', 9410, 1026),
(1240, '2015-11-02', 'Afternoon', 9465, 1042),
(1241, '2015-12-03', 'Evening', 9732, 1055),
(1247, '2015-12-31', 'Afternoon', 9811, 1064),
(1250, '2016-01-27', 'Evening', 9899, 1092),
(1252, '2016-04-09', 'Afternoon', 9410, 1004),
(1265, '2016-04-10', 'Evening', 9465, 1015),
(1266, '2016-04-14', 'Afternoon', 9732, 1016),
(1269, '2016-04-15', 'Evening', 9811, 1017),
(1272, '2016-04-29', 'Afternoon', 9899, 1022),
(1281, '2016-05-04', 'Evening', 9410, 1026),
(1288, '2016-05-18', 'Afternoon', 9465, 1042),
(1293, '2016-07-25', 'Evening', 9732, 1055),
(1294, '2016-09-07', 'Afternoon', 9811, 1064),
(1299, '2016-09-21', 'Evening', 9899, 1092),
(1208, '2016-09-22', 'Afternoon', 9410, 1004),
(1215, '2016-10-30', 'Evening', 9465, 1015),
(1223, '2016-11-13', 'Afternoon', 9732, 1016),
(1235, '2016-11-14', 'Evening', 9811, 1017),
(1236, '2016-11-16', 'Afternoon', 9899, 1022),
(1239, '2016-11-20', 'Evening', 9410, 1026),
(1240, '2016-12-02', 'Afternoon', 9465, 1042),
(1241, '2017-01-20', 'Evening', 9732, 1055),
(1247, '2017-03-02', 'Afternoon', 9811, 1064),
(1250, '2017-03-29', 'Evening', 9899, 1092),
(1252, '2017-04-03', 'Afternoon', 9410, 1004),
(1265, '2017-04-09', 'Evening', 9465, 1015),
(1266, '2017-04-21', 'Afternoon', 9732, 1016),
(1269, '2017-05-04', 'Evening', 9811, 1017),
(1272, '2017-05-16', 'Afternoon', 9899, 1022),
(1281, '2017-07-20', 'Evening', 9410, 1026),
(1288, '2017-08-21', 'Afternoon', 9465, 1042),
(1293, '2017-09-18', 'Evening', 9732, 1055),
(1294, '2017-09-22', 'Afternoon', 9811, 1064),
(1299, '2017-11-10', 'Evening', 9899, 1092),
(1208, '2017-11-11', 'Afternoon', 9410, 1004),
(1215, '2018-01-06', 'Evening', 9465, 1015),
(1223, '2018-03-15', 'Afternoon', 9732, 1016),
(1235, '2018-04-04', 'Evening', 9811, 1017),
(1236, '2018-06-09', 'Afternoon', 9899, 1022),
(1239, '2018-06-20', 'Evening', 9410, 1026),
(1240, '2018-07-20', 'Afternoon', 9465, 1042),
(1241, '2018-09-01', 'Evening', 9732, 1055),
(1247, '2018-09-07', 'Afternoon', 9811, 1064),
(1250, '2018-09-08', 'Evening', 9899, 1092),
(1252, '2018-10-07', 'Afternoon', 9410, 1004),
(1265, '2018-10-30', 'Evening', 9465, 1015),
(1266, '2018-11-07', 'Afternoon', 9732, 1016),
(1269, '2018-11-08', 'Evening', 9811, 1017),
(1272, '2018-11-21', 'Afternoon', 9899, 1022),
(1281, '2019-01-19', 'Evening', 9410, 1026),
(1288, '2019-03-29', 'Afternoon', 9465, 1042),
(1293, '2019-04-14', 'Evening', 9732, 1055),
(1294, '2019-05-08', 'Afternoon', 9811, 1064),
(1299, '2019-05-15', 'Evening', 9899, 1092),
(1208, '2019-08-11', 'Afternoon', 9410, 1004),
(1215, '2019-08-13', 'Evening', 9465, 1015),
(1223, '2019-09-09', 'Afternoon', 9732, 1016),
(1235, '2019-09-10', 'Evening', 9811, 1017),
(1236, '2019-09-12', 'Afternoon', 9899, 1022),
(1239, '2019-09-15', 'Evening', 9410, 1026),
(1240, '2019-09-28', 'Afternoon', 9465, 1042),
(1241, '2019-09-29', 'Evening', 9732, 1055),
(1247, '2019-11-11', 'Afternoon', 9811, 1064),
(1250, '2019-11-29', 'Evening', 9899, 1092),
(2008, '2011-01-03', 'Afternoon', 9410, 1004),
(2082, '2011-01-02', 'Evening', 9465, 1015),
(2175, '2011-02-16', 'Afternoon', 9732, 1016),
(2373, '2011-02-18', 'Evening', 9811, 1017),
(2403, '2011-03-03', 'Afternoon', 9899, 1022),
(2418, '2011-03-04', 'Evening', 9410, 1026),
(2453, '2011-03-29', 'Afternoon', 9465, 1042),
(2590, '2011-03-31', 'Evening', 9732, 1055),
(2691, '2011-04-10', 'Afternoon', 9811, 1064),
(2798, '2011-04-18', 'Evening', 9899, 1092),
(2008, '2011-04-26', 'Afternoon', 9410, 1004),
(2082, '2011-04-28', 'Evening', 9465, 1015),
(2175, '2011-04-27', 'Afternoon', 9732, 1016),
(2373, '2011-05-24', 'Evening', 9811, 1017),
(2403, '2011-07-08', 'Afternoon', 9899, 1022),
(2418, '2011-07-14', 'Evening', 9410, 1026),
(2453, '2011-07-17', 'Afternoon', 9465, 1042),
(2590, '2011-07-21', 'Evening', 9732, 1055),
(2691, '2011-07-22', 'Afternoon', 9811, 1064),
(2798, '2011-07-31', 'Evening', 9899, 1092),
(2008, '2011-08-23', 'Afternoon', 9410, 1004),
(2082, '2011-08-31', 'Evening', 9465, 1015),
(2175, '2011-09-29', 'Afternoon', 9732, 1016),
(2373, '2011-10-15', 'Evening', 9811, 1017),
(2403, '2011-10-25', 'Afternoon', 9899, 1022),
(2418, '2011-11-04', 'Evening', 9410, 1026),
(2453, '2011-11-19', 'Afternoon', 9465, 1042),
(2590, '2011-12-03', 'Evening', 9732, 1055),
(2691, '2011-12-24', 'Afternoon', 9811, 1064),
(2798, '2012-02-13', 'Evening', 9899, 1092),
(2008, '2012-04-09', 'Afternoon', 9410, 1004),
(2082, '2012-04-15', 'Evening', 9465, 1015),
(2175, '2012-05-13', 'Afternoon', 9732, 1016),
(2373, '2012-05-19', 'Evening', 9811, 1017),
(2403, '2012-05-24', 'Afternoon', 9899, 1022),
(2418, '2012-05-29', 'Evening', 9410, 1026),
(2453, '2012-06-09', 'Afternoon', 9465, 1042),
(2590, '2012-08-08', 'Evening', 9732, 1055),
(2691, '2012-09-23', 'Afternoon', 9811, 1064),
(2798, '2012-10-04', 'Evening', 9899, 1092),
(2008, '2012-10-26', 'Afternoon', 9410, 1004),
(2082, '2012-11-10', 'Evening', 9465, 1015),
(2175, '2012-12-01', 'Afternoon', 9732, 1016),
(2373, '2013-01-18', 'Evening', 9811, 1017),
(2403, '2013-03-27', 'Afternoon', 9899, 1022),
(2418, '2013-03-30', 'Evening', 9410, 1026),
(2453, '2013-04-01', 'Afternoon', 9465, 1042),
(2590, '2013-04-12', 'Evening', 9732, 1055),
(2691, '2013-05-18', 'Afternoon', 9811, 1064),
(2798, '2013-05-20', 'Evening', 9899, 1092),
(2008, '2013-07-04', 'Afternoon', 9410, 1004),
(2082, '2013-07-20', 'Evening', 9465, 1015),
(2175, '2013-07-23', 'Afternoon', 9732, 1016),
(2373, '2013-08-19', 'Evening', 9811, 1017),
(2403, '2013-08-29', 'Afternoon', 9899, 1022),
(2418, '2013-09-13', 'Evening', 9410, 1026),
(2453, '2013-10-03', 'Afternoon', 9465, 1042),
(2590, '2013-10-17', 'Evening', 9732, 1055),
(2691, '2013-10-19', 'Afternoon', 9811, 1064),
(2798, '2013-11-11', 'Evening', 9899, 1092),
(2008, '2013-11-22', 'Afternoon', 9410, 1004),
(2082, '2013-12-21', 'Evening', 9465, 1015),
(2175, '2013-12-24', 'Afternoon', 9732, 1016),
(2373, '2014-03-06', 'Evening', 9811, 1017),
(2403, '2014-04-20', 'Afternoon', 9899, 1022),
(2418, '2014-05-21', 'Evening', 9410, 1026),
(2453, '2014-06-01', 'Afternoon', 9465, 1042),
(2590, '2014-06-29', 'Evening', 9732, 1055),
(2691, '2014-07-13', 'Afternoon', 9811, 1064),
(2798, '2014-07-16', 'Evening', 9899, 1092),
(2008, '2014-11-08', 'Afternoon', 9410, 1004),
(2082, '2014-12-19', 'Evening', 9465, 1015),
(2175, '2015-01-30', 'Afternoon', 9732, 1016),
(2373, '2015-03-10', 'Evening', 9811, 1017),
(2403, '2015-04-16', 'Afternoon', 9899, 1022),
(2418, '2015-05-06', 'Evening', 9410, 1026),
(2453, '2015-05-17', 'Afternoon', 9465, 1042),
(2590, '2015-05-25', 'Evening', 9732, 1055),
(2691, '2015-06-22', 'Afternoon', 9811, 1064),
(2798, '2015-06-28', 'Evening', 9899, 1092),
(2008, '2015-07-10', 'Afternoon', 9410, 1004),
(2082, '2015-08-07', 'Evening', 9465, 1015),
(2175, '2015-08-19', 'Afternoon', 9732, 1016),
(2373, '2015-09-29', 'Evening', 9811, 1017),
(2403, '2015-10-22', 'Afternoon', 9899, 1022),
(2418, '2015-10-23', 'Evening', 9410, 1026),
(2453, '2015-11-02', 'Afternoon', 9465, 1042),
(2590, '2015-12-03', 'Evening', 9732, 1055),
(2691, '2015-12-31', 'Afternoon', 9811, 1064),
(2798, '2016-01-27', 'Evening', 9899, 1092),
(2008, '2016-04-09', 'Afternoon', 9410, 1004),
(2082, '2016-04-10', 'Evening', 9465, 1015),
(2175, '2016-04-14', 'Afternoon', 9732, 1016),
(2373, '2016-04-15', 'Evening', 9811, 1017),
(2403, '2016-04-29', 'Afternoon', 9899, 1022),
(2418, '2016-05-04', 'Evening', 9410, 1026),
(2453, '2016-05-18', 'Afternoon', 9465, 1042),
(2590, '2016-07-25', 'Evening', 9732, 1055),
(2691, '2016-09-07', 'Afternoon', 9811, 1064),
(2798, '2016-09-21', 'Evening', 9899, 1092),
(2008, '2016-09-22', 'Afternoon', 9410, 1004),
(2082, '2016-10-30', 'Evening', 9465, 1015),
(2175, '2016-11-13', 'Afternoon', 9732, 1016),
(2373, '2016-11-14', 'Evening', 9811, 1017),
(2403, '2016-11-16', 'Afternoon', 9899, 1022),
(2418, '2016-11-20', 'Evening', 9410, 1026),
(2453, '2016-12-02', 'Afternoon', 9465, 1042),
(2590, '2017-01-20', 'Evening', 9732, 1055),
(2691, '2017-03-02', 'Afternoon', 9811, 1064),
(2798, '2017-03-29', 'Evening', 9899, 1092),
(2008, '2017-04-03', 'Afternoon', 9410, 1004),
(2082, '2017-04-09', 'Evening', 9465, 1015),
(2175, '2017-04-21', 'Afternoon', 9732, 1016),
(2373, '2017-05-04', 'Evening', 9811, 1017),
(2403, '2017-05-16', 'Afternoon', 9899, 1022),
(2418, '2017-07-20', 'Evening', 9410, 1026),
(2453, '2017-08-21', 'Afternoon', 9465, 1042),
(2590, '2017-09-18', 'Evening', 9732, 1055),
(2691, '2017-09-22', 'Afternoon', 9811, 1064),
(2798, '2017-11-10', 'Evening', 9899, 1092),
(2008, '2017-11-11', 'Afternoon', 9410, 1004),
(2082, '2018-01-06', 'Evening', 9465, 1015),
(2175, '2018-03-15', 'Afternoon', 9732, 1016),
(2373, '2018-04-04', 'Evening', 9811, 1017),
(2403, '2018-06-09', 'Afternoon', 9899, 1022),
(2418, '2018-06-20', 'Evening', 9410, 1026),
(2453, '2018-07-20', 'Afternoon', 9465, 1042),
(2590, '2018-09-01', 'Evening', 9732, 1055),
(2691, '2018-09-07', 'Afternoon', 9811, 1064),
(2798, '2018-09-08', 'Evening', 9899, 1092),
(2008, '2018-10-07', 'Afternoon', 9410, 1004),
(2082, '2018-10-30', 'Evening', 9465, 1015),
(2175, '2018-11-07', 'Afternoon', 9732, 1016),
(2373, '2018-11-08', 'Evening', 9811, 1017),
(2403, '2018-11-21', 'Afternoon', 9899, 1022),
(2418, '2019-01-19', 'Evening', 9410, 1026),
(2453, '2019-03-29', 'Afternoon', 9465, 1042),
(2590, '2019-04-14', 'Evening', 9732, 1055),
(2691, '2019-05-08', 'Afternoon', 9811, 1064),
(2798, '2019-05-15', 'Evening', 9899, 1092),
(2008, '2019-08-11', 'Afternoon', 9410, 1004),
(2082, '2019-08-13', 'Evening', 9465, 1015),
(2175, '2019-09-09', 'Afternoon', 9732, 1016),
(2373, '2019-09-10', 'Evening', 9811, 1017),
(2403, '2019-09-12', 'Afternoon', 9899, 1022),
(2418, '2019-09-15', 'Evening', 9410, 1026),
(2453, '2019-09-28', 'Afternoon', 9465, 1042),
(2590, '2019-09-29', 'Evening', 9732, 1055),
(2691, '2019-11-11', 'Afternoon', 9811, 1064),
(2798, '2019-11-29', 'Evening', 9899, 1092),
(9410, '2011-01-03', 'Afternoon', 9410, 1004),
(9465, '2011-01-02', 'Evening', 9465, 1015),
(9732, '2011-02-16', 'Afternoon', 9732, 1016),
(9811, '2011-02-18', 'Evening', 9811, 1017),
(9899, '2011-03-03', 'Afternoon', 9899, 1022),
(9410, '2011-03-04', 'Evening', 9410, 1026),
(9465, '2011-03-29', 'Afternoon', 9465, 1042),
(9732, '2011-03-31', 'Evening', 9732, 1055),
(9811, '2011-04-10', 'Afternoon', 9811, 1064),
(9899, '2011-04-18', 'Evening', 9899, 1092),
(9410, '2011-04-26', 'Afternoon', 9410, 1004),
(9465, '2011-04-28', 'Evening', 9465, 1015),
(9732, '2011-04-27', 'Afternoon', 9732, 1016),
(9811, '2011-05-24', 'Evening', 9811, 1017),
(9899, '2011-07-08', 'Afternoon', 9899, 1022),
(9410, '2011-07-14', 'Evening', 9410, 1026),
(9465, '2011-07-17', 'Afternoon', 9465, 1042),
(9732, '2011-07-21', 'Evening', 9732, 1055),
(9811, '2011-07-22', 'Afternoon', 9811, 1064),
(9899, '2011-07-31', 'Evening', 9899, 1092),
(9410, '2011-08-23', 'Afternoon', 9410, 1004),
(9465, '2011-08-31', 'Evening', 9465, 1015),
(9732, '2011-09-29', 'Afternoon', 9732, 1016),
(9811, '2011-10-15', 'Evening', 9811, 1017),
(9899, '2011-10-25', 'Afternoon', 9899, 1022),
(9410, '2011-11-04', 'Evening', 9410, 1026),
(9465, '2011-11-19', 'Afternoon', 9465, 1042),
(9732, '2011-12-03', 'Evening', 9732, 1055),
(9811, '2011-12-24', 'Afternoon', 9811, 1064),
(9899, '2012-02-13', 'Evening', 9899, 1092),
(9410, '2012-04-09', 'Afternoon', 9410, 1004),
(9465, '2012-04-15', 'Evening', 9465, 1015),
(9732, '2012-05-13', 'Afternoon', 9732, 1016),
(9811, '2012-05-19', 'Evening', 9811, 1017),
(9899, '2012-05-24', 'Afternoon', 9899, 1022),
(9410, '2012-05-29', 'Evening', 9410, 1026),
(9465, '2012-06-09', 'Afternoon', 9465, 1042),
(9732, '2012-08-08', 'Evening', 9732, 1055),
(9811, '2012-09-23', 'Afternoon', 9811, 1064),
(9899, '2012-10-04', 'Evening', 9899, 1092),
(9410, '2012-10-26', 'Afternoon', 9410, 1004),
(9465, '2012-11-10', 'Evening', 9465, 1015),
(9732, '2012-12-01', 'Afternoon', 9732, 1016),
(9811, '2013-01-18', 'Evening', 9811, 1017),
(9899, '2013-03-27', 'Afternoon', 9899, 1022),
(9410, '2013-03-30', 'Evening', 9410, 1026),
(9465, '2013-04-01', 'Afternoon', 9465, 1042),
(9732, '2013-04-12', 'Evening', 9732, 1055),
(9811, '2013-05-18', 'Afternoon', 9811, 1064),
(9899, '2013-05-20', 'Evening', 9899, 1092),
(9410, '2013-07-04', 'Afternoon', 9410, 1004),
(9465, '2013-07-20', 'Evening', 9465, 1015),
(9732, '2013-07-23', 'Afternoon', 9732, 1016),
(9811, '2013-08-19', 'Evening', 9811, 1017),
(9899, '2013-08-29', 'Afternoon', 9899, 1022),
(9410, '2013-09-13', 'Evening', 9410, 1026),
(9465, '2013-10-03', 'Afternoon', 9465, 1042),
(9732, '2013-10-17', 'Evening', 9732, 1055),
(9811, '2013-10-19', 'Afternoon', 9811, 1064),
(9899, '2013-11-11', 'Evening', 9899, 1092),
(9410, '2013-11-22', 'Afternoon', 9410, 1004),
(9465, '2013-12-21', 'Evening', 9465, 1015),
(9732, '2013-12-24', 'Afternoon', 9732, 1016),
(9811, '2014-03-06', 'Evening', 9811, 1017),
(9899, '2014-04-20', 'Afternoon', 9899, 1022),
(9410, '2014-05-21', 'Evening', 9410, 1026),
(9465, '2014-06-01', 'Afternoon', 9465, 1042),
(9732, '2014-06-29', 'Evening', 9732, 1055),
(9811, '2014-07-13', 'Afternoon', 9811, 1064),
(9899, '2014-07-16', 'Evening', 9899, 1092),
(9410, '2014-11-08', 'Afternoon', 9410, 1004),
(9465, '2014-12-19', 'Evening', 9465, 1015),
(9732, '2015-01-30', 'Afternoon', 9732, 1016),
(9811, '2015-03-10', 'Evening', 9811, 1017),
(9899, '2015-04-16', 'Afternoon', 9899, 1022),
(9410, '2015-05-06', 'Evening', 9410, 1026),
(9465, '2015-05-17', 'Afternoon', 9465, 1042),
(9732, '2015-05-25', 'Evening', 9732, 1055),
(9811, '2015-06-22', 'Afternoon', 9811, 1064),
(9899, '2015-06-28', 'Evening', 9899, 1092),
(9410, '2015-07-10', 'Afternoon', 9410, 1004),
(9465, '2015-08-07', 'Evening', 9465, 1015),
(9732, '2015-08-19', 'Afternoon', 9732, 1016),
(9811, '2015-09-29', 'Evening', 9811, 1017),
(9899, '2015-10-22', 'Afternoon', 9899, 1022),
(9410, '2015-10-23', 'Evening', 9410, 1026),
(9465, '2015-11-02', 'Afternoon', 9465, 1042),
(9732, '2015-12-03', 'Evening', 9732, 1055),
(9811, '2015-12-31', 'Afternoon', 9811, 1064),
(9899, '2016-01-27', 'Evening', 9899, 1092),
(9410, '2016-04-09', 'Afternoon', 9410, 1004),
(9465, '2016-04-10', 'Evening', 9465, 1015),
(9732, '2016-04-14', 'Afternoon', 9732, 1016),
(9811, '2016-04-15', 'Evening', 9811, 1017),
(9899, '2016-04-29', 'Afternoon', 9899, 1022),
(9410, '2016-05-04', 'Evening', 9410, 1026),
(9465, '2016-05-18', 'Afternoon', 9465, 1042),
(9732, '2016-07-25', 'Evening', 9732, 1055),
(9811, '2016-09-07', 'Afternoon', 9811, 1064),
(9899, '2016-09-21', 'Evening', 9899, 1092),
(9410, '2016-09-22', 'Afternoon', 9410, 1004),
(9465, '2016-10-30', 'Evening', 9465, 1015),
(9732, '2016-11-13', 'Afternoon', 9732, 1016),
(9811, '2016-11-14', 'Evening', 9811, 1017),
(9899, '2016-11-16', 'Afternoon', 9899, 1022),
(9410, '2016-11-20', 'Evening', 9410, 1026),
(9465, '2016-12-02', 'Afternoon', 9465, 1042),
(9732, '2017-01-20', 'Evening', 9732, 1055),
(9811, '2017-03-02', 'Afternoon', 9811, 1064),
(9899, '2017-03-29', 'Evening', 9899, 1092),
(9410, '2017-04-03', 'Afternoon', 9410, 1004),
(9465, '2017-04-09', 'Evening', 9465, 1015),
(9732, '2017-04-21', 'Afternoon', 9732, 1016),
(9811, '2017-05-04', 'Evening', 9811, 1017),
(9899, '2017-05-16', 'Afternoon', 9899, 1022),
(9410, '2017-07-20', 'Evening', 9410, 1026),
(9465, '2017-08-21', 'Afternoon', 9465, 1042),
(9732, '2017-09-18', 'Evening', 9732, 1055),
(9811, '2017-09-22', 'Afternoon', 9811, 1064),
(9899, '2017-11-10', 'Evening', 9899, 1092),
(9410, '2017-11-11', 'Afternoon', 9410, 1004),
(9465, '2018-01-06', 'Evening', 9465, 1015),
(9732, '2018-03-15', 'Afternoon', 9732, 1016),
(9811, '2018-04-04', 'Evening', 9811, 1017),
(9899, '2018-06-09', 'Afternoon', 9899, 1022),
(9410, '2018-06-20', 'Evening', 9410, 1026),
(9465, '2018-07-20', 'Afternoon', 9465, 1042),
(9732, '2018-09-01', 'Evening', 9732, 1055),
(9811, '2018-09-07', 'Afternoon', 9811, 1064),
(9899, '2018-09-08', 'Evening', 9899, 1092),
(9410, '2018-10-07', 'Afternoon', 9410, 1004),
(9465, '2018-10-30', 'Evening', 9465, 1015),
(9732, '2018-11-07', 'Afternoon', 9732, 1016),
(9811, '2018-11-08', 'Evening', 9811, 1017),
(9899, '2018-11-21', 'Afternoon', 9899, 1022),
(9410, '2019-01-19', 'Evening', 9410, 1026),
(9465, '2019-03-29', 'Afternoon', 9465, 1042),
(9732, '2019-04-14', 'Evening', 9732, 1055),
(9811, '2019-05-08', 'Afternoon', 9811, 1064),
(9899, '2019-05-15', 'Evening', 9899, 1092),
(9410, '2019-08-11', 'Afternoon', 9410, 1004),
(9465, '2019-08-13', 'Evening', 9465, 1015),
(9732, '2019-09-09', 'Afternoon', 9732, 1016),
(9811, '2019-09-10', 'Evening', 9811, 1017),
(9899, '2019-09-12', 'Afternoon', 9899, 1022),
(9410, '2019-09-15', 'Evening', 9410, 1026),
(9465, '2019-09-28', 'Afternoon', 9465, 1042),
(9732, '2019-09-29', 'Evening', 9732, 1055),
(9811, '2019-11-11', 'Afternoon', 9811, 1064),
(9899, '2019-11-29', 'Evening', 9899, 1092),
(3028, '2011-01-03', 'Afternoon', 9410, 1004),
(3065, '2011-01-02', 'Evening', 9465, 1015),
(3067, '2011-02-16', 'Afternoon', 9732, 1016),
(3069, '2011-02-18', 'Evening', 9811, 1017),
(3147, '2011-03-03', 'Afternoon', 9899, 1022),
(3178, '2011-03-04', 'Evening', 9410, 1026),
(3253, '2011-03-29', 'Afternoon', 9465, 1042),
(3366, '2011-03-31', 'Evening', 9732, 1055),
(3370, '2011-04-10', 'Afternoon', 9811, 1064),
(3371, '2011-04-18', 'Evening', 9899, 1092),
(3377, '2011-04-26', 'Afternoon', 9410, 1004),
(3410, '2011-04-28', 'Evening', 9465, 1015),
(3448, '2011-04-27', 'Afternoon', 9732, 1016),
(3456, '2011-05-24', 'Evening', 9811, 1017),
(3457, '2011-07-08', 'Afternoon', 9899, 1022),
(3498, '2011-07-14', 'Evening', 9410, 1026),
(3516, '2011-07-17', 'Afternoon', 9465, 1042),
(3567, '2011-07-21', 'Evening', 9732, 1055),
(3603, '2011-07-22', 'Afternoon', 9811, 1064),
(3660, '2011-07-31', 'Evening', 9899, 1092),
(3661, '2011-08-23', 'Afternoon', 9410, 1004),
(3678, '2011-08-31', 'Evening', 9465, 1015),
(3731, '2011-09-29', 'Afternoon', 9732, 1016),
(3751, '2011-10-15', 'Evening', 9811, 1017),
(3822, '2011-10-25', 'Afternoon', 9899, 1022),
(3823, '2011-11-04', 'Evening', 9410, 1026),
(3855, '2011-11-19', 'Afternoon', 9465, 1042),
(3890, '2011-12-03', 'Evening', 9732, 1055),
(3938, '2011-12-24', 'Afternoon', 9811, 1064),
(3967, '2012-02-13', 'Evening', 9899, 1092),
(3028, '2012-04-09', 'Afternoon', 9410, 1004),
(3065, '2012-04-15', 'Evening', 9465, 1015),
(3067, '2012-05-13', 'Afternoon', 9732, 1016),
(3069, '2012-05-19', 'Evening', 9811, 1017),
(3147, '2012-05-24', 'Afternoon', 9899, 1022),
(3178, '2012-05-29', 'Evening', 9410, 1026),
(3253, '2012-06-09', 'Afternoon', 9465, 1042),
(3366, '2012-08-08', 'Evening', 9732, 1055),
(3370, '2012-09-23', 'Afternoon', 9811, 1064),
(3371, '2012-10-04', 'Evening', 9899, 1092),
(3377, '2012-10-26', 'Afternoon', 9410, 1004),
(3410, '2012-11-10', 'Evening', 9465, 1015),
(3448, '2012-12-01', 'Afternoon', 9732, 1016),
(3456, '2013-01-18', 'Evening', 9811, 1017),
(3457, '2013-03-27', 'Afternoon', 9899, 1022),
(3498, '2013-03-30', 'Evening', 9410, 1026),
(3516, '2013-04-01', 'Afternoon', 9465, 1042),
(3567, '2013-04-12', 'Evening', 9732, 1055),
(3603, '2013-05-18', 'Afternoon', 9811, 1064),
(3660, '2013-05-20', 'Evening', 9899, 1092),
(3661, '2013-07-04', 'Afternoon', 9410, 1004),
(3678, '2013-07-20', 'Evening', 9465, 1015),
(3731, '2013-07-23', 'Afternoon', 9732, 1016),
(3751, '2013-08-19', 'Evening', 9811, 1017),
(3822, '2013-08-29', 'Afternoon', 9899, 1022),
(3823, '2013-09-13', 'Evening', 9410, 1026),
(3855, '2013-10-03', 'Afternoon', 9465, 1042),
(3890, '2013-10-17', 'Evening', 9732, 1055),
(3938, '2013-10-19', 'Afternoon', 9811, 1064),
(3967, '2013-11-11', 'Evening', 9899, 1092),
(3028, '2013-11-22', 'Afternoon', 9410, 1004),
(3065, '2013-12-21', 'Evening', 9465, 1015),
(3067, '2013-12-24', 'Afternoon', 9732, 1016),
(3069, '2014-03-06', 'Evening', 9811, 1017),
(3147, '2014-04-20', 'Afternoon', 9899, 1022),
(3178, '2014-05-21', 'Evening', 9410, 1026),
(3253, '2014-06-01', 'Afternoon', 9465, 1042),
(3366, '2014-06-29', 'Evening', 9732, 1055),
(3370, '2014-07-13', 'Afternoon', 9811, 1064),
(3371, '2014-07-16', 'Evening', 9899, 1092),
(3377, '2014-11-08', 'Afternoon', 9410, 1004),
(3410, '2014-12-19', 'Evening', 9465, 1015),
(3448, '2015-01-30', 'Afternoon', 9732, 1016),
(3456, '2015-03-10', 'Evening', 9811, 1017),
(3457, '2015-04-16', 'Afternoon', 9899, 1022),
(3498, '2015-05-06', 'Evening', 9410, 1026),
(3516, '2015-05-17', 'Afternoon', 9465, 1042),
(3567, '2015-05-25', 'Evening', 9732, 1055),
(3603, '2015-06-22', 'Afternoon', 9811, 1064),
(3660, '2015-06-28', 'Evening', 9899, 1092),
(3661, '2015-07-10', 'Afternoon', 9410, 1004),
(3678, '2015-08-07', 'Evening', 9465, 1015),
(3731, '2015-08-19', 'Afternoon', 9732, 1016),
(3751, '2015-09-29', 'Evening', 9811, 1017),
(3822, '2015-10-22', 'Afternoon', 9899, 1022),
(3823, '2015-10-23', 'Evening', 9410, 1026),
(3855, '2015-11-02', 'Afternoon', 9465, 1042),
(3890, '2015-12-03', 'Evening', 9732, 1055),
(3938, '2015-12-31', 'Afternoon', 9811, 1064),
(3967, '2016-01-27', 'Evening', 9899, 1092),
(3028, '2016-04-09', 'Afternoon', 9410, 1004),
(3065, '2016-04-10', 'Evening', 9465, 1015),
(3067, '2016-04-14', 'Afternoon', 9732, 1016),
(3069, '2016-04-15', 'Evening', 9811, 1017),
(3147, '2016-04-29', 'Afternoon', 9899, 1022),
(3178, '2016-05-04', 'Evening', 9410, 1026),
(3253, '2016-05-18', 'Afternoon', 9465, 1042),
(3366, '2016-07-25', 'Evening', 9732, 1055),
(3370, '2016-09-07', 'Afternoon', 9811, 1064),
(3371, '2016-09-21', 'Evening', 9899, 1092),
(3377, '2016-09-22', 'Afternoon', 9410, 1004),
(3410, '2016-10-30', 'Evening', 9465, 1015),
(3448, '2016-11-13', 'Afternoon', 9732, 1016),
(3456, '2016-11-14', 'Evening', 9811, 1017),
(3457, '2016-11-16', 'Afternoon', 9899, 1022),
(3498, '2016-11-20', 'Evening', 9410, 1026),
(3516, '2016-12-02', 'Afternoon', 9465, 1042),
(3567, '2017-01-20', 'Evening', 9732, 1055),
(3603, '2017-03-02', 'Afternoon', 9811, 1064),
(3660, '2017-03-29', 'Evening', 9899, 1092),
(3661, '2017-04-03', 'Afternoon', 9410, 1004),
(3678, '2017-04-09', 'Evening', 9465, 1015),
(3731, '2017-04-21', 'Afternoon', 9732, 1016),
(3751, '2017-05-04', 'Evening', 9811, 1017),
(3822, '2017-05-16', 'Afternoon', 9899, 1022),
(3823, '2017-07-20', 'Evening', 9410, 1026),
(3855, '2017-08-21', 'Afternoon', 9465, 1042),
(3890, '2017-09-18', 'Evening', 9732, 1055),
(3938, '2017-09-22', 'Afternoon', 9811, 1064),
(3967, '2017-11-10', 'Evening', 9899, 1092),
(3028, '2017-11-11', 'Afternoon', 9410, 1004),
(3065, '2018-01-06', 'Evening', 9465, 1015),
(3067, '2018-03-15', 'Afternoon', 9732, 1016),
(3069, '2018-04-04', 'Evening', 9811, 1017),
(3147, '2018-06-09', 'Afternoon', 9899, 1022),
(3178, '2018-06-20', 'Evening', 9410, 1026),
(3253, '2018-07-20', 'Afternoon', 9465, 1042),
(3366, '2018-09-01', 'Evening', 9732, 1055),
(3370, '2018-09-07', 'Afternoon', 9811, 1064),
(3371, '2018-09-08', 'Evening', 9899, 1092),
(3377, '2018-10-07', 'Afternoon', 9410, 1004),
(3410, '2018-10-30', 'Evening', 9465, 1015),
(3448, '2018-11-07', 'Afternoon', 9732, 1016),
(3456, '2018-11-08', 'Evening', 9811, 1017),
(3457, '2018-11-21', 'Afternoon', 9899, 1022),
(3498, '2019-01-19', 'Evening', 9410, 1026),
(3516, '2019-03-29', 'Afternoon', 9465, 1042),
(3567, '2019-04-14', 'Evening', 9732, 1055),
(3603, '2019-05-08', 'Afternoon', 9811, 1064),
(3660, '2019-05-15', 'Evening', 9899, 1092),
(3661, '2019-08-11', 'Afternoon', 9410, 1004),
(3678, '2019-08-13', 'Evening', 9465, 1015),
(3731, '2019-09-09', 'Afternoon', 9732, 1016),
(3751, '2019-09-10', 'Evening', 9811, 1017),
(3822, '2019-09-12', 'Afternoon', 9899, 1022),
(3823, '2019-09-15', 'Evening', 9410, 1026),
(3855, '2019-09-28', 'Afternoon', 9465, 1042),
(3890, '2019-09-29', 'Evening', 9732, 1055),
(3938, '2019-11-11', 'Afternoon', 9811, 1064),
(3967, '2019-11-29', 'Evening', 9899, 1092),
(4292, '2011-01-03', 'Afternoon', 9410, 1004),
(4314, '2011-01-02', 'Evening', 9465, 1015),
(4402, '2011-02-16', 'Afternoon', 9732, 1016),
(4411, '2011-02-18', 'Evening', 9811, 1017),
(4537, '2011-03-03', 'Afternoon', 9899, 1022),
(4762, '2011-03-04', 'Evening', 9410, 1026),
(4872, '2011-03-29', 'Afternoon', 9465, 1042),
(4914, '2011-03-31', 'Evening', 9732, 1055),
(4950, '2011-04-10', 'Afternoon', 9811, 1064),
(4981, '2011-04-18', 'Evening', 9899, 1092),
(4292, '2011-04-26', 'Afternoon', 9410, 1004),
(4314, '2011-04-28', 'Evening', 9465, 1015),
(4402, '2011-04-27', 'Afternoon', 9732, 1016),
(4411, '2011-05-24', 'Evening', 9811, 1017),
(4537, '2011-07-08', 'Afternoon', 9899, 1022),
(4762, '2011-07-14', 'Evening', 9410, 1026),
(4872, '2011-07-17', 'Afternoon', 9465, 1042),
(4914, '2011-07-21', 'Evening', 9732, 1055),
(4950, '2011-07-22', 'Afternoon', 9811, 1064),
(4981, '2011-07-31', 'Evening', 9899, 1092),
(4292, '2011-08-23', 'Afternoon', 9410, 1004),
(4314, '2011-08-31', 'Evening', 9465, 1015),
(4402, '2011-09-29', 'Afternoon', 9732, 1016),
(4411, '2011-10-15', 'Evening', 9811, 1017),
(4537, '2011-10-25', 'Afternoon', 9899, 1022),
(4762, '2011-11-04', 'Evening', 9410, 1026),
(4872, '2011-11-19', 'Afternoon', 9465, 1042),
(4914, '2011-12-03', 'Evening', 9732, 1055),
(4950, '2011-12-24', 'Afternoon', 9811, 1064),
(4981, '2012-02-13', 'Evening', 9899, 1092),
(4292, '2012-04-09', 'Afternoon', 9410, 1004),
(4314, '2012-04-15', 'Evening', 9465, 1015),
(4402, '2012-05-13', 'Afternoon', 9732, 1016),
(4411, '2012-05-19', 'Evening', 9811, 1017),
(4537, '2012-05-24', 'Afternoon', 9899, 1022),
(4762, '2012-05-29', 'Evening', 9410, 1026),
(4872, '2012-06-09', 'Afternoon', 9465, 1042),
(4914, '2012-08-08', 'Evening', 9732, 1055),
(4950, '2012-09-23', 'Afternoon', 9811, 1064),
(4981, '2012-10-04', 'Evening', 9899, 1092),
(4292, '2012-10-26', 'Afternoon', 9410, 1004),
(4314, '2012-11-10', 'Evening', 9465, 1015),
(4402, '2012-12-01', 'Afternoon', 9732, 1016),
(4411, '2013-01-18', 'Evening', 9811, 1017),
(4537, '2013-03-27', 'Afternoon', 9899, 1022),
(4762, '2013-03-30', 'Evening', 9410, 1026),
(4872, '2013-04-01', 'Afternoon', 9465, 1042),
(4914, '2013-04-12', 'Evening', 9732, 1055),
(4950, '2013-05-18', 'Afternoon', 9811, 1064),
(4981, '2013-05-20', 'Evening', 9899, 1092),
(4292, '2013-07-04', 'Afternoon', 9410, 1004),
(4314, '2013-07-20', 'Evening', 9465, 1015),
(4402, '2013-07-23', 'Afternoon', 9732, 1016),
(4411, '2013-08-19', 'Evening', 9811, 1017),
(4537, '2013-08-29', 'Afternoon', 9899, 1022),
(4762, '2013-09-13', 'Evening', 9410, 1026),
(4872, '2013-10-03', 'Afternoon', 9465, 1042),
(4914, '2013-10-17', 'Evening', 9732, 1055),
(4950, '2013-10-19', 'Afternoon', 9811, 1064),
(4981, '2013-11-11', 'Evening', 9899, 1092),
(4292, '2013-11-22', 'Afternoon', 9410, 1004),
(4314, '2013-12-21', 'Evening', 9465, 1015),
(4402, '2013-12-24', 'Afternoon', 9732, 1016),
(4411, '2014-03-06', 'Evening', 9811, 1017),
(4537, '2014-04-20', 'Afternoon', 9899, 1022),
(4762, '2014-05-21', 'Evening', 9410, 1026),
(4872, '2014-06-01', 'Afternoon', 9465, 1042),
(4914, '2014-06-29', 'Evening', 9732, 1055),
(4950, '2014-07-13', 'Afternoon', 9811, 1064),
(4981, '2014-07-16', 'Evening', 9899, 1092),
(4292, '2014-11-08', 'Afternoon', 9410, 1004),
(4314, '2014-12-19', 'Evening', 9465, 1015),
(4402, '2015-01-30', 'Afternoon', 9732, 1016),
(4411, '2015-03-10', 'Evening', 9811, 1017),
(4537, '2015-04-16', 'Afternoon', 9899, 1022),
(4762, '2015-05-06', 'Evening', 9410, 1026),
(4872, '2015-05-17', 'Afternoon', 9465, 1042),
(4914, '2015-05-25', 'Evening', 9732, 1055),
(4950, '2015-06-22', 'Afternoon', 9811, 1064),
(4981, '2015-06-28', 'Evening', 9899, 1092),
(4292, '2015-07-10', 'Afternoon', 9410, 1004),
(4314, '2015-08-07', 'Evening', 9465, 1015),
(4402, '2015-08-19', 'Afternoon', 9732, 1016),
(4411, '2015-09-29', 'Evening', 9811, 1017),
(4537, '2015-10-22', 'Afternoon', 9899, 1022),
(4762, '2015-10-23', 'Evening', 9410, 1026),
(4872, '2015-11-02', 'Afternoon', 9465, 1042),
(4914, '2015-12-03', 'Evening', 9732, 1055),
(4950, '2015-12-31', 'Afternoon', 9811, 1064),
(4981, '2016-01-27', 'Evening', 9899, 1092),
(4292, '2016-04-09', 'Afternoon', 9410, 1004),
(4314, '2016-04-10', 'Evening', 9465, 1015),
(4402, '2016-04-14', 'Afternoon', 9732, 1016),
(4411, '2016-04-15', 'Evening', 9811, 1017),
(4537, '2016-04-29', 'Afternoon', 9899, 1022),
(4762, '2016-05-04', 'Evening', 9410, 1026),
(4872, '2016-05-18', 'Afternoon', 9465, 1042),
(4914, '2016-07-25', 'Evening', 9732, 1055),
(4950, '2016-09-07', 'Afternoon', 9811, 1064),
(4981, '2016-09-21', 'Evening', 9899, 1092),
(4292, '2016-09-22', 'Afternoon', 9410, 1004),
(4314, '2016-10-30', 'Evening', 9465, 1015),
(4402, '2016-11-13', 'Afternoon', 9732, 1016),
(4411, '2016-11-14', 'Evening', 9811, 1017),
(4537, '2016-11-16', 'Afternoon', 9899, 1022),
(4762, '2016-11-20', 'Evening', 9410, 1026),
(4872, '2016-12-02', 'Afternoon', 9465, 1042),
(4914, '2017-01-20', 'Evening', 9732, 1055),
(4950, '2017-03-02', 'Afternoon', 9811, 1064),
(4981, '2017-03-29', 'Evening', 9899, 1092),
(4292, '2017-04-03', 'Afternoon', 9410, 1004),
(4314, '2017-04-09', 'Evening', 9465, 1015),
(4402, '2017-04-21', 'Afternoon', 9732, 1016),
(4411, '2017-05-04', 'Evening', 9811, 1017),
(4537, '2017-05-16', 'Afternoon', 9899, 1022),
(4762, '2017-07-20', 'Evening', 9410, 1026),
(4872, '2017-08-21', 'Afternoon', 9465, 1042),
(4914, '2017-09-18', 'Evening', 9732, 1055),
(4950, '2017-09-22', 'Afternoon', 9811, 1064),
(4981, '2017-11-10', 'Evening', 9899, 1092),
(4292, '2017-11-11', 'Afternoon', 9410, 1004),
(4314, '2018-01-06', 'Evening', 9465, 1015),
(4402, '2018-03-15', 'Afternoon', 9732, 1016),
(4411, '2018-04-04', 'Evening', 9811, 1017),
(4537, '2018-06-09', 'Afternoon', 9899, 1022),
(4762, '2018-06-20', 'Evening', 9410, 1026),
(4872, '2018-07-20', 'Afternoon', 9465, 1042),
(4914, '2018-09-01', 'Evening', 9732, 1055),
(4950, '2018-09-07', 'Afternoon', 9811, 1064),
(4981, '2018-09-08', 'Evening', 9899, 1092),
(4292, '2018-10-07', 'Afternoon', 9410, 1004),
(4314, '2018-10-30', 'Evening', 9465, 1015),
(4402, '2018-11-07', 'Afternoon', 9732, 1016),
(4411, '2018-11-08', 'Evening', 9811, 1017),
(4537, '2018-11-21', 'Afternoon', 9899, 1022),
(4762, '2019-01-19', 'Evening', 9410, 1026),
(4872, '2019-03-29', 'Afternoon', 9465, 1042),
(4914, '2019-04-14', 'Evening', 9732, 1055),
(4950, '2019-05-08', 'Afternoon', 9811, 1064),
(4981, '2019-05-15', 'Evening', 9899, 1092),
(4292, '2019-08-11', 'Afternoon', 9410, 1004),
(4314, '2019-08-13', 'Evening', 9465, 1015),
(4402, '2019-09-09', 'Afternoon', 9732, 1016),
(4411, '2019-09-10', 'Evening', 9811, 1017),
(4537, '2019-09-12', 'Afternoon', 9899, 1022),
(4762, '2019-09-15', 'Evening', 9410, 1026),
(4872, '2019-09-28', 'Afternoon', 9465, 1042),
(4914, '2019-09-29', 'Evening', 9732, 1055),
(4950, '2019-11-11', 'Afternoon', 9811, 1064),
(4981, '2019-11-29', 'Evening', 9410, 1092);

SET FOREIGN_KEY_CHECKS=1;

INSERT INTO chef (empID)
VALUES 
(1004),
(1015),
(1016),
(1017),
(1022),
(1026),
(1042),
(1055),
(1064),
(1092),
(1101),
(1114),
(1142),
(1145),
(1149),
(1152),
(1153),
(1154),
(1156),
(1160),
(1162),
(1161),
(1164),
(1166),
(1167),
(1168),
(1177),
(1180),
(1195),
(1196),
(1208),
(1215),
(1223),
(1235),
(1236),
(1239),
(1240),
(1241),
(1247),
(1250),
(1252),
(1265),
(1266),
(1269),
(1272),
(1281),
(1288),
(1293),
(1294),
(1299);

INSERT INTO headChef (empID)
VALUES 
(1004),
(1015),
(1016),
(1017),
(1022),
(1026),
(1042),
(1055),
(1064),
(1092);

INSERT INTO lineCook (empID)
VALUES 
(1208),
(1215),
(1223),
(1235),
(1236),
(1239),
(1240),
(1241),
(1247),
(1250),
(1252),
(1265),
(1266),
(1269),
(1272),
(1281),
(1288),
(1293),
(1294),
(1299);

INSERT INTO station (stationName)
VALUES 
('butcher'),
('fry cook'),
('grill'),
('pantry'),
('pastry'),
('roast'),
('saute');

INSERT INTO lineCookStation (stationName, chefID, shiftDate, dayType)
VALUES 
('butcher', 1208, '2011-01-03', 'Afternoon'),
('butcher', 1215, '2011-01-02', 'Evening'),
('butcher', 1223, '2011-02-16', 'Afternoon'),
('butcher', 1235, '2011-02-18', 'Evening'),
('butcher', 1236, '2011-03-03', 'Afternoon'),
('butcher', 1239, '2011-03-04', 'Evening'),
('butcher', 1240, '2011-03-29', 'Afternoon'),
('butcher', 1241, '2011-03-31', 'Evening'),
('butcher', 1247, '2011-04-10', 'Afternoon'),
('butcher', 1250, '2011-04-18', 'Evening'),
('butcher', 1252, '2011-04-26', 'Afternoon'),
('butcher', 1265, '2011-04-28', 'Evening'),
('butcher', 1266, '2011-04-27', 'Afternoon'),
('butcher', 1269, '2011-05-24', 'Evening'),
('butcher', 1272, '2011-07-08', 'Afternoon'),
('butcher', 1281, '2011-07-14', 'Evening'),
('butcher', 1288, '2011-07-17', 'Afternoon'),
('butcher', 1293, '2011-07-21', 'Evening'),
('butcher', 1294, '2011-07-22', 'Afternoon'),
('butcher', 1299, '2011-07-31', 'Evening'),
('butcher', 1208, '2011-08-23', 'Afternoon'),
('butcher', 1215, '2011-08-31', 'Evening'),
('butcher', 1223, '2011-09-29', 'Afternoon'),
('butcher', 1235, '2011-10-15', 'Evening'),
('butcher', 1236, '2011-10-25', 'Afternoon'),
('butcher', 1239, '2011-11-04', 'Evening'),
('butcher', 1240, '2011-11-19', 'Afternoon'),
('butcher', 1241, '2011-12-03', 'Evening'),
('butcher', 1247, '2011-12-24', 'Afternoon'),
('butcher', 1250, '2012-02-13', 'Evening'),
('butcher', 1252, '2012-04-09', 'Afternoon'),
('butcher', 1265, '2012-04-15', 'Evening'),
('butcher', 1266, '2012-05-13', 'Afternoon'),
('butcher', 1269, '2012-05-19', 'Evening'),
('butcher', 1272, '2012-05-24', 'Afternoon'),
('butcher', 1281, '2012-05-29', 'Evening'),
('butcher', 1288, '2012-06-09', 'Afternoon'),
('butcher', 1293, '2012-08-08', 'Evening'),
('butcher', 1294, '2012-09-23', 'Afternoon'),
('butcher', 1299, '2012-10-04', 'Evening'),
('butcher', 1208, '2012-10-26', 'Afternoon'),
('butcher', 1215, '2012-11-10', 'Evening'),
('butcher', 1223, '2012-12-01', 'Afternoon'),
('butcher', 1235, '2013-01-18', 'Evening'),
('butcher', 1236, '2013-03-27', 'Afternoon'),
('butcher', 1239, '2013-03-30', 'Evening'),
('butcher', 1240, '2013-04-01', 'Afternoon'),
('butcher', 1241, '2013-04-12', 'Evening'),
('butcher', 1247, '2013-05-18', 'Afternoon'),
('butcher', 1250, '2013-05-20', 'Evening'),
('butcher', 1252, '2013-07-04', 'Afternoon'),
('butcher', 1265, '2013-07-20', 'Evening'),
('butcher', 1266, '2013-07-23', 'Afternoon'),
('butcher', 1269, '2013-08-19', 'Evening'),
('butcher', 1272, '2013-08-29', 'Afternoon'),
('butcher', 1281, '2013-09-13', 'Evening'),
('butcher', 1288, '2013-10-03', 'Afternoon'),
('butcher', 1293, '2013-10-17', 'Evening'),
('butcher', 1294, '2013-10-19', 'Afternoon'),
('butcher', 1299, '2013-11-11', 'Evening'),
('butcher', 1208, '2013-11-22', 'Afternoon'),
('butcher', 1215, '2013-12-21', 'Evening'),
('butcher', 1223, '2013-12-24', 'Afternoon'),
('butcher', 1235, '2014-03-06', 'Evening'),
('butcher', 1236, '2014-04-20', 'Afternoon'),
('butcher', 1239, '2014-05-21', 'Evening'),
('butcher', 1240, '2014-06-01', 'Afternoon'),
('butcher', 1241, '2014-06-29', 'Evening'),
('butcher', 1247, '2014-07-13', 'Afternoon'),
('butcher', 1250, '2014-07-16', 'Evening'),
('butcher', 1252, '2014-11-08', 'Afternoon'),
('butcher', 1265, '2014-12-19', 'Evening'),
('butcher', 1266, '2015-01-30', 'Afternoon'),
('butcher', 1269, '2015-03-10', 'Evening'),
('butcher', 1272, '2015-04-16', 'Afternoon'),
('butcher', 1281, '2015-05-06', 'Evening'),
('butcher', 1288, '2015-05-17', 'Afternoon'),
('butcher', 1293, '2015-05-25', 'Evening'),
('butcher', 1294, '2015-06-22', 'Afternoon'),
('butcher', 1299, '2015-06-28', 'Evening'),
('butcher', 1208, '2015-07-10', 'Afternoon'),
('butcher', 1215, '2015-08-07', 'Evening'),
('butcher', 1223, '2015-08-19', 'Afternoon'),
('butcher', 1235, '2015-09-29', 'Evening'),
('butcher', 1236, '2015-10-22', 'Afternoon'),
('butcher', 1239, '2015-10-23', 'Evening'),
('butcher', 1240, '2015-11-02', 'Afternoon'),
('butcher', 1241, '2015-12-03', 'Evening'),
('butcher', 1247, '2015-12-31', 'Afternoon'),
('butcher', 1250, '2016-01-27', 'Evening'),
('butcher', 1252, '2016-04-09', 'Afternoon'),
('butcher', 1265, '2016-04-10', 'Evening'),
('butcher', 1266, '2016-04-14', 'Afternoon'),
('butcher', 1269, '2016-04-15', 'Evening'),
('butcher', 1272, '2016-04-29', 'Afternoon'),
('butcher', 1281, '2016-05-04', 'Evening'),
('butcher', 1288, '2016-05-18', 'Afternoon'),
('butcher', 1293, '2016-07-25', 'Evening'),
('butcher', 1294, '2016-09-07', 'Afternoon'),
('butcher', 1299, '2016-09-21', 'Evening'),
('butcher', 1208, '2016-09-22', 'Afternoon'),
('butcher', 1215, '2016-10-30', 'Evening'),
('butcher', 1223, '2016-11-13', 'Afternoon'),
('butcher', 1235, '2016-11-14', 'Evening'),
('butcher', 1236, '2016-11-16', 'Afternoon'),
('butcher', 1239, '2016-11-20', 'Evening'),
('butcher', 1240, '2016-12-02', 'Afternoon'),
('butcher', 1241, '2017-01-20', 'Evening'),
('butcher', 1247, '2017-03-02', 'Afternoon'),
('butcher', 1250, '2017-03-29', 'Evening'),
('butcher', 1252, '2017-04-03', 'Afternoon'),
('butcher', 1265, '2017-04-09', 'Evening'),
('butcher', 1266, '2017-04-21', 'Afternoon'),
('butcher', 1269, '2017-05-04', 'Evening'),
('butcher', 1272, '2017-05-16', 'Afternoon'),
('butcher', 1281, '2017-07-20', 'Evening'),
('butcher', 1288, '2017-08-21', 'Afternoon'),
('butcher', 1293, '2017-09-18', 'Evening'),
('butcher', 1294, '2017-09-22', 'Afternoon'),
('butcher', 1299, '2017-11-10', 'Evening'),
('butcher', 1208, '2017-11-11', 'Afternoon'),
('butcher', 1215, '2018-01-06', 'Evening'),
('butcher', 1223, '2018-03-15', 'Afternoon'),
('butcher', 1235, '2018-04-04', 'Evening'),
('butcher', 1236, '2018-06-09', 'Afternoon'),
('butcher', 1239, '2018-06-20', 'Evening'),
('butcher', 1240, '2018-07-20', 'Afternoon'),
('butcher', 1241, '2018-09-01', 'Evening'),
('butcher', 1247, '2018-09-07', 'Afternoon'),
('butcher', 1250, '2018-09-08', 'Evening'),
('butcher', 1252, '2018-10-07', 'Afternoon'),
('butcher', 1265, '2018-10-30', 'Evening'),
('butcher', 1266, '2018-11-07', 'Afternoon'),
('butcher', 1269, '2018-11-08', 'Evening'),
('butcher', 1272, '2018-11-21', 'Afternoon'),
('butcher', 1281, '2019-01-19', 'Evening'),
('butcher', 1288, '2019-03-29', 'Afternoon'),
('butcher', 1293, '2019-04-14', 'Evening'),
('butcher', 1294, '2019-05-08', 'Afternoon'),
('butcher', 1299, '2019-05-15', 'Evening'),
('butcher', 1208, '2019-08-11', 'Afternoon'),
('butcher', 1215, '2019-08-13', 'Evening'),
('butcher', 1223, '2019-09-09', 'Afternoon'),
('butcher', 1235, '2019-09-10', 'Evening'),
('butcher', 1236, '2019-09-12', 'Afternoon'),
('butcher', 1239, '2019-09-15', 'Evening'),
('butcher', 1240, '2019-09-28', 'Afternoon'),
('butcher', 1241, '2019-09-29', 'Evening'),
('butcher', 1247, '2019-11-11', 'Afternoon'),
('butcher', 1250, '2019-11-29', 'Evening'),
('fry cook', 1208, '2011-01-03', 'Afternoon'),
('fry cook', 1215, '2011-01-02', 'Evening'),
('fry cook', 1223, '2011-02-16', 'Afternoon'),
('fry cook', 1235, '2011-02-18', 'Evening'),
('fry cook', 1236, '2011-03-03', 'Afternoon'),
('fry cook', 1239, '2011-03-04', 'Evening'),
('fry cook', 1240, '2011-03-29', 'Afternoon'),
('fry cook', 1241, '2011-03-31', 'Evening'),
('fry cook', 1247, '2011-04-10', 'Afternoon'),
('fry cook', 1250, '2011-04-18', 'Evening'),
('fry cook', 1252, '2011-04-26', 'Afternoon'),
('fry cook', 1265, '2011-04-28', 'Evening'),
('fry cook', 1266, '2011-04-27', 'Afternoon'),
('fry cook', 1269, '2011-05-24', 'Evening'),
('fry cook', 1272, '2011-07-08', 'Afternoon'),
('fry cook', 1281, '2011-07-14', 'Evening'),
('fry cook', 1288, '2011-07-17', 'Afternoon'),
('fry cook', 1293, '2011-07-21', 'Evening'),
('fry cook', 1294, '2011-07-22', 'Afternoon'),
('fry cook', 1299, '2011-07-31', 'Evening'),
('fry cook', 1208, '2011-08-23', 'Afternoon'),
('fry cook', 1215, '2011-08-31', 'Evening'),
('fry cook', 1223, '2011-09-29', 'Afternoon'),
('fry cook', 1235, '2011-10-15', 'Evening'),
('fry cook', 1236, '2011-10-25', 'Afternoon'),
('fry cook', 1239, '2011-11-04', 'Evening'),
('fry cook', 1240, '2011-11-19', 'Afternoon'),
('fry cook', 1241, '2011-12-03', 'Evening'),
('fry cook', 1247, '2011-12-24', 'Afternoon'),
('fry cook', 1250, '2012-02-13', 'Evening'),
('fry cook', 1252, '2012-04-09', 'Afternoon'),
('fry cook', 1265, '2012-04-15', 'Evening'),
('fry cook', 1266, '2012-05-13', 'Afternoon'),
('fry cook', 1269, '2012-05-19', 'Evening'),
('fry cook', 1272, '2012-05-24', 'Afternoon'),
('fry cook', 1281, '2012-05-29', 'Evening'),
('fry cook', 1288, '2012-06-09', 'Afternoon'),
('fry cook', 1293, '2012-08-08', 'Evening'),
('fry cook', 1294, '2012-09-23', 'Afternoon'),
('fry cook', 1299, '2012-10-04', 'Evening'),
('fry cook', 1208, '2012-10-26', 'Afternoon'),
('fry cook', 1215, '2012-11-10', 'Evening'),
('fry cook', 1223, '2012-12-01', 'Afternoon'),
('fry cook', 1235, '2013-01-18', 'Evening'),
('fry cook', 1236, '2013-03-27', 'Afternoon'),
('fry cook', 1239, '2013-03-30', 'Evening'),
('fry cook', 1240, '2013-04-01', 'Afternoon'),
('fry cook', 1241, '2013-04-12', 'Evening'),
('fry cook', 1247, '2013-05-18', 'Afternoon'),
('fry cook', 1250, '2013-05-20', 'Evening'),
('fry cook', 1252, '2013-07-04', 'Afternoon'),
('fry cook', 1265, '2013-07-20', 'Evening'),
('fry cook', 1266, '2013-07-23', 'Afternoon'),
('fry cook', 1269, '2013-08-19', 'Evening'),
('fry cook', 1272, '2013-08-29', 'Afternoon'),
('fry cook', 1281, '2013-09-13', 'Evening'),
('fry cook', 1288, '2013-10-03', 'Afternoon'),
('fry cook', 1293, '2013-10-17', 'Evening'),
('fry cook', 1294, '2013-10-19', 'Afternoon'),
('fry cook', 1299, '2013-11-11', 'Evening'),
('fry cook', 1208, '2013-11-22', 'Afternoon'),
('fry cook', 1215, '2013-12-21', 'Evening'),
('fry cook', 1223, '2013-12-24', 'Afternoon'),
('fry cook', 1235, '2014-03-06', 'Evening'),
('fry cook', 1236, '2014-04-20', 'Afternoon'),
('fry cook', 1239, '2014-05-21', 'Evening'),
('fry cook', 1240, '2014-06-01', 'Afternoon'),
('fry cook', 1241, '2014-06-29', 'Evening'),
('fry cook', 1247, '2014-07-13', 'Afternoon'),
('fry cook', 1250, '2014-07-16', 'Evening'),
('fry cook', 1252, '2014-11-08', 'Afternoon'),
('fry cook', 1265, '2014-12-19', 'Evening'),
('fry cook', 1266, '2015-01-30', 'Afternoon'),
('fry cook', 1269, '2015-03-10', 'Evening'),
('fry cook', 1272, '2015-04-16', 'Afternoon'),
('fry cook', 1281, '2015-05-06', 'Evening'),
('fry cook', 1288, '2015-05-17', 'Afternoon'),
('fry cook', 1293, '2015-05-25', 'Evening'),
('fry cook', 1294, '2015-06-22', 'Afternoon'),
('fry cook', 1299, '2015-06-28', 'Evening'),
('fry cook', 1208, '2015-07-10', 'Afternoon'),
('fry cook', 1215, '2015-08-07', 'Evening'),
('fry cook', 1223, '2015-08-19', 'Afternoon'),
('fry cook', 1235, '2015-09-29', 'Evening'),
('fry cook', 1236, '2015-10-22', 'Afternoon'),
('fry cook', 1239, '2015-10-23', 'Evening'),
('fry cook', 1240, '2015-11-02', 'Afternoon'),
('fry cook', 1241, '2015-12-03', 'Evening'),
('fry cook', 1247, '2015-12-31', 'Afternoon'),
('fry cook', 1250, '2016-01-27', 'Evening'),
('fry cook', 1252, '2016-04-09', 'Afternoon'),
('fry cook', 1265, '2016-04-10', 'Evening'),
('fry cook', 1266, '2016-04-14', 'Afternoon'),
('fry cook', 1269, '2016-04-15', 'Evening'),
('fry cook', 1272, '2016-04-29', 'Afternoon'),
('fry cook', 1281, '2016-05-04', 'Evening'),
('fry cook', 1288, '2016-05-18', 'Afternoon'),
('fry cook', 1293, '2016-07-25', 'Evening'),
('fry cook', 1294, '2016-09-07', 'Afternoon'),
('fry cook', 1299, '2016-09-21', 'Evening'),
('fry cook', 1208, '2016-09-22', 'Afternoon'),
('fry cook', 1215, '2016-10-30', 'Evening'),
('fry cook', 1223, '2016-11-13', 'Afternoon'),
('fry cook', 1235, '2016-11-14', 'Evening'),
('fry cook', 1236, '2016-11-16', 'Afternoon'),
('fry cook', 1239, '2016-11-20', 'Evening'),
('fry cook', 1240, '2016-12-02', 'Afternoon'),
('fry cook', 1241, '2017-01-20', 'Evening'),
('fry cook', 1247, '2017-03-02', 'Afternoon'),
('fry cook', 1250, '2017-03-29', 'Evening'),
('fry cook', 1252, '2017-04-03', 'Afternoon'),
('fry cook', 1265, '2017-04-09', 'Evening'),
('fry cook', 1266, '2017-04-21', 'Afternoon'),
('fry cook', 1269, '2017-05-04', 'Evening'),
('fry cook', 1272, '2017-05-16', 'Afternoon'),
('fry cook', 1281, '2017-07-20', 'Evening'),
('fry cook', 1288, '2017-08-21', 'Afternoon'),
('fry cook', 1293, '2017-09-18', 'Evening'),
('fry cook', 1294, '2017-09-22', 'Afternoon'),
('fry cook', 1299, '2017-11-10', 'Evening'),
('fry cook', 1208, '2017-11-11', 'Afternoon'),
('fry cook', 1215, '2018-01-06', 'Evening'),
('fry cook', 1223, '2018-03-15', 'Afternoon'),
('fry cook', 1235, '2018-04-04', 'Evening'),
('fry cook', 1236, '2018-06-09', 'Afternoon'),
('fry cook', 1239, '2018-06-20', 'Evening'),
('fry cook', 1240, '2018-07-20', 'Afternoon'),
('fry cook', 1241, '2018-09-01', 'Evening'),
('fry cook', 1247, '2018-09-07', 'Afternoon'),
('fry cook', 1250, '2018-09-08', 'Evening'),
('fry cook', 1252, '2018-10-07', 'Afternoon'),
('fry cook', 1265, '2018-10-30', 'Evening'),
('fry cook', 1266, '2018-11-07', 'Afternoon'),
('fry cook', 1269, '2018-11-08', 'Evening'),
('fry cook', 1272, '2018-11-21', 'Afternoon'),
('fry cook', 1281, '2019-01-19', 'Evening'),
('fry cook', 1288, '2019-03-29', 'Afternoon'),
('fry cook', 1293, '2019-04-14', 'Evening'),
('fry cook', 1294, '2019-05-08', 'Afternoon'),
('fry cook', 1299, '2019-05-15', 'Evening'),
('fry cook', 1208, '2019-08-11', 'Afternoon'),
('fry cook', 1215, '2019-08-13', 'Evening'),
('fry cook', 1223, '2019-09-09', 'Afternoon'),
('fry cook', 1235, '2019-09-10', 'Evening'),
('fry cook', 1236, '2019-09-12', 'Afternoon'),
('fry cook', 1239, '2019-09-15', 'Evening'),
('fry cook', 1240, '2019-09-28', 'Afternoon'),
('fry cook', 1241, '2019-09-29', 'Evening'),
('fry cook', 1247, '2019-11-11', 'Afternoon'),
('fry cook', 1250, '2019-11-29', 'Evening'),
('grill', 1208, '2011-01-03', 'Afternoon'),
('grill', 1215, '2011-01-02', 'Evening'),
('grill', 1223, '2011-02-16', 'Afternoon'),
('grill', 1235, '2011-02-18', 'Evening'),
('grill', 1236, '2011-03-03', 'Afternoon'),
('grill', 1239, '2011-03-04', 'Evening'),
('grill', 1240, '2011-03-29', 'Afternoon'),
('grill', 1241, '2011-03-31', 'Evening'),
('grill', 1247, '2011-04-10', 'Afternoon'),
('grill', 1250, '2011-04-18', 'Evening'),
('grill', 1252, '2011-04-26', 'Afternoon'),
('grill', 1265, '2011-04-28', 'Evening'),
('grill', 1266, '2011-04-27', 'Afternoon'),
('grill', 1269, '2011-05-24', 'Evening'),
('grill', 1272, '2011-07-08', 'Afternoon'),
('grill', 1281, '2011-07-14', 'Evening'),
('grill', 1288, '2011-07-17', 'Afternoon'),
('grill', 1293, '2011-07-21', 'Evening'),
('grill', 1294, '2011-07-22', 'Afternoon'),
('grill', 1299, '2011-07-31', 'Evening'),
('grill', 1208, '2011-08-23', 'Afternoon'),
('grill', 1215, '2011-08-31', 'Evening'),
('grill', 1223, '2011-09-29', 'Afternoon'),
('grill', 1235, '2011-10-15', 'Evening'),
('grill', 1236, '2011-10-25', 'Afternoon'),
('grill', 1239, '2011-11-04', 'Evening'),
('grill', 1240, '2011-11-19', 'Afternoon'),
('grill', 1241, '2011-12-03', 'Evening'),
('grill', 1247, '2011-12-24', 'Afternoon'),
('grill', 1250, '2012-02-13', 'Evening'),
('grill', 1252, '2012-04-09', 'Afternoon'),
('grill', 1265, '2012-04-15', 'Evening'),
('grill', 1266, '2012-05-13', 'Afternoon'),
('grill', 1269, '2012-05-19', 'Evening'),
('grill', 1272, '2012-05-24', 'Afternoon'),
('grill', 1281, '2012-05-29', 'Evening'),
('grill', 1288, '2012-06-09', 'Afternoon'),
('grill', 1293, '2012-08-08', 'Evening'),
('grill', 1294, '2012-09-23', 'Afternoon'),
('grill', 1299, '2012-10-04', 'Evening'),
('grill', 1208, '2012-10-26', 'Afternoon'),
('grill', 1215, '2012-11-10', 'Evening'),
('grill', 1223, '2012-12-01', 'Afternoon'),
('grill', 1235, '2013-01-18', 'Evening'),
('grill', 1236, '2013-03-27', 'Afternoon'),
('grill', 1239, '2013-03-30', 'Evening'),
('grill', 1240, '2013-04-01', 'Afternoon'),
('grill', 1241, '2013-04-12', 'Evening'),
('grill', 1247, '2013-05-18', 'Afternoon'),
('grill', 1250, '2013-05-20', 'Evening'),
('grill', 1252, '2013-07-04', 'Afternoon'),
('grill', 1265, '2013-07-20', 'Evening'),
('grill', 1266, '2013-07-23', 'Afternoon'),
('grill', 1269, '2013-08-19', 'Evening'),
('grill', 1272, '2013-08-29', 'Afternoon'),
('grill', 1281, '2013-09-13', 'Evening'),
('grill', 1288, '2013-10-03', 'Afternoon'),
('grill', 1293, '2013-10-17', 'Evening'),
('grill', 1294, '2013-10-19', 'Afternoon'),
('grill', 1299, '2013-11-11', 'Evening'),
('grill', 1208, '2013-11-22', 'Afternoon'),
('grill', 1215, '2013-12-21', 'Evening'),
('grill', 1223, '2013-12-24', 'Afternoon'),
('grill', 1235, '2014-03-06', 'Evening'),
('grill', 1236, '2014-04-20', 'Afternoon'),
('grill', 1239, '2014-05-21', 'Evening'),
('grill', 1240, '2014-06-01', 'Afternoon'),
('grill', 1241, '2014-06-29', 'Evening'),
('grill', 1247, '2014-07-13', 'Afternoon'),
('grill', 1250, '2014-07-16', 'Evening'),
('grill', 1252, '2014-11-08', 'Afternoon'),
('grill', 1265, '2014-12-19', 'Evening'),
('grill', 1266, '2015-01-30', 'Afternoon'),
('grill', 1269, '2015-03-10', 'Evening'),
('grill', 1272, '2015-04-16', 'Afternoon'),
('grill', 1281, '2015-05-06', 'Evening'),
('grill', 1288, '2015-05-17', 'Afternoon'),
('grill', 1293, '2015-05-25', 'Evening'),
('grill', 1294, '2015-06-22', 'Afternoon'),
('grill', 1299, '2015-06-28', 'Evening'),
('grill', 1208, '2015-07-10', 'Afternoon'),
('grill', 1215, '2015-08-07', 'Evening'),
('grill', 1223, '2015-08-19', 'Afternoon'),
('grill', 1235, '2015-09-29', 'Evening'),
('grill', 1236, '2015-10-22', 'Afternoon'),
('grill', 1239, '2015-10-23', 'Evening'),
('grill', 1240, '2015-11-02', 'Afternoon'),
('grill', 1241, '2015-12-03', 'Evening'),
('grill', 1247, '2015-12-31', 'Afternoon'),
('grill', 1250, '2016-01-27', 'Evening'),
('grill', 1252, '2016-04-09', 'Afternoon'),
('grill', 1265, '2016-04-10', 'Evening'),
('grill', 1266, '2016-04-14', 'Afternoon'),
('grill', 1269, '2016-04-15', 'Evening'),
('grill', 1272, '2016-04-29', 'Afternoon'),
('grill', 1281, '2016-05-04', 'Evening'),
('grill', 1288, '2016-05-18', 'Afternoon'),
('grill', 1293, '2016-07-25', 'Evening'),
('grill', 1294, '2016-09-07', 'Afternoon'),
('grill', 1299, '2016-09-21', 'Evening'),
('grill', 1208, '2016-09-22', 'Afternoon'),
('grill', 1215, '2016-10-30', 'Evening'),
('grill', 1223, '2016-11-13', 'Afternoon'),
('grill', 1235, '2016-11-14', 'Evening'),
('grill', 1236, '2016-11-16', 'Afternoon'),
('grill', 1239, '2016-11-20', 'Evening'),
('grill', 1240, '2016-12-02', 'Afternoon'),
('grill', 1241, '2017-01-20', 'Evening'),
('grill', 1247, '2017-03-02', 'Afternoon'),
('grill', 1250, '2017-03-29', 'Evening'),
('grill', 1252, '2017-04-03', 'Afternoon'),
('grill', 1265, '2017-04-09', 'Evening'),
('grill', 1266, '2017-04-21', 'Afternoon'),
('grill', 1269, '2017-05-04', 'Evening'),
('grill', 1272, '2017-05-16', 'Afternoon'),
('grill', 1281, '2017-07-20', 'Evening'),
('grill', 1288, '2017-08-21', 'Afternoon'),
('grill', 1293, '2017-09-18', 'Evening'),
('grill', 1294, '2017-09-22', 'Afternoon'),
('grill', 1299, '2017-11-10', 'Evening'),
('grill', 1208, '2017-11-11', 'Afternoon'),
('grill', 1215, '2018-01-06', 'Evening'),
('grill', 1223, '2018-03-15', 'Afternoon'),
('grill', 1235, '2018-04-04', 'Evening'),
('grill', 1236, '2018-06-09', 'Afternoon'),
('grill', 1239, '2018-06-20', 'Evening'),
('grill', 1240, '2018-07-20', 'Afternoon'),
('grill', 1241, '2018-09-01', 'Evening'),
('grill', 1247, '2018-09-07', 'Afternoon'),
('grill', 1250, '2018-09-08', 'Evening'),
('grill', 1252, '2018-10-07', 'Afternoon'),
('grill', 1265, '2018-10-30', 'Evening'),
('grill', 1266, '2018-11-07', 'Afternoon'),
('grill', 1269, '2018-11-08', 'Evening'),
('grill', 1272, '2018-11-21', 'Afternoon'),
('grill', 1281, '2019-01-19', 'Evening'),
('grill', 1288, '2019-03-29', 'Afternoon'),
('grill', 1293, '2019-04-14', 'Evening'),
('grill', 1294, '2019-05-08', 'Afternoon'),
('grill', 1299, '2019-05-15', 'Evening'),
('grill', 1208, '2019-08-11', 'Afternoon'),
('grill', 1215, '2019-08-13', 'Evening'),
('grill', 1223, '2019-09-09', 'Afternoon'),
('grill', 1235, '2019-09-10', 'Evening'),
('grill', 1236, '2019-09-12', 'Afternoon'),
('grill', 1239, '2019-09-15', 'Evening'),
('grill', 1240, '2019-09-28', 'Afternoon'),
('grill', 1241, '2019-09-29', 'Evening'),
('grill', 1247, '2019-11-11', 'Afternoon'),
('grill', 1250, '2019-11-29', 'Evening'),
('pantry', 1208, '2011-01-03', 'Afternoon'),
('pantry', 1215, '2011-01-02', 'Evening'),
('pantry', 1223, '2011-02-16', 'Afternoon'),
('pantry', 1235, '2011-02-18', 'Evening'),
('pantry', 1236, '2011-03-03', 'Afternoon'),
('pantry', 1239, '2011-03-04', 'Evening'),
('pantry', 1240, '2011-03-29', 'Afternoon'),
('pantry', 1241, '2011-03-31', 'Evening'),
('pantry', 1247, '2011-04-10', 'Afternoon'),
('pantry', 1250, '2011-04-18', 'Evening'),
('pantry', 1252, '2011-04-26', 'Afternoon'),
('pantry', 1265, '2011-04-28', 'Evening'),
('pantry', 1266, '2011-04-27', 'Afternoon'),
('pantry', 1269, '2011-05-24', 'Evening'),
('pantry', 1272, '2011-07-08', 'Afternoon'),
('pantry', 1281, '2011-07-14', 'Evening'),
('pantry', 1288, '2011-07-17', 'Afternoon'),
('pantry', 1293, '2011-07-21', 'Evening'),
('pantry', 1294, '2011-07-22', 'Afternoon'),
('pantry', 1299, '2011-07-31', 'Evening'),
('pantry', 1208, '2011-08-23', 'Afternoon'),
('pantry', 1215, '2011-08-31', 'Evening'),
('pantry', 1223, '2011-09-29', 'Afternoon'),
('pantry', 1235, '2011-10-15', 'Evening'),
('pantry', 1236, '2011-10-25', 'Afternoon'),
('pantry', 1239, '2011-11-04', 'Evening'),
('pantry', 1240, '2011-11-19', 'Afternoon'),
('pantry', 1241, '2011-12-03', 'Evening'),
('pantry', 1247, '2011-12-24', 'Afternoon'),
('pantry', 1250, '2012-02-13', 'Evening'),
('pantry', 1252, '2012-04-09', 'Afternoon'),
('pantry', 1265, '2012-04-15', 'Evening'),
('pantry', 1266, '2012-05-13', 'Afternoon'),
('pantry', 1269, '2012-05-19', 'Evening'),
('pantry', 1272, '2012-05-24', 'Afternoon'),
('pantry', 1281, '2012-05-29', 'Evening'),
('pantry', 1288, '2012-06-09', 'Afternoon'),
('pantry', 1293, '2012-08-08', 'Evening'),
('pantry', 1294, '2012-09-23', 'Afternoon'),
('pantry', 1299, '2012-10-04', 'Evening'),
('pantry', 1208, '2012-10-26', 'Afternoon'),
('pantry', 1215, '2012-11-10', 'Evening'),
('pantry', 1223, '2012-12-01', 'Afternoon'),
('pantry', 1235, '2013-01-18', 'Evening'),
('pantry', 1236, '2013-03-27', 'Afternoon'),
('pantry', 1239, '2013-03-30', 'Evening'),
('pantry', 1240, '2013-04-01', 'Afternoon'),
('pantry', 1241, '2013-04-12', 'Evening'),
('pantry', 1247, '2013-05-18', 'Afternoon'),
('pantry', 1250, '2013-05-20', 'Evening'),
('pantry', 1252, '2013-07-04', 'Afternoon'),
('pantry', 1265, '2013-07-20', 'Evening'),
('pantry', 1266, '2013-07-23', 'Afternoon'),
('pantry', 1269, '2013-08-19', 'Evening'),
('pantry', 1272, '2013-08-29', 'Afternoon'),
('pantry', 1281, '2013-09-13', 'Evening'),
('pantry', 1288, '2013-10-03', 'Afternoon'),
('pantry', 1293, '2013-10-17', 'Evening'),
('pantry', 1294, '2013-10-19', 'Afternoon'),
('pantry', 1299, '2013-11-11', 'Evening'),
('pantry', 1208, '2013-11-22', 'Afternoon'),
('pantry', 1215, '2013-12-21', 'Evening'),
('pantry', 1223, '2013-12-24', 'Afternoon'),
('pantry', 1235, '2014-03-06', 'Evening'),
('pantry', 1236, '2014-04-20', 'Afternoon'),
('pantry', 1239, '2014-05-21', 'Evening'),
('pantry', 1240, '2014-06-01', 'Afternoon'),
('pantry', 1241, '2014-06-29', 'Evening'),
('pantry', 1247, '2014-07-13', 'Afternoon'),
('pantry', 1250, '2014-07-16', 'Evening'),
('pantry', 1252, '2014-11-08', 'Afternoon'),
('pantry', 1265, '2014-12-19', 'Evening'),
('pantry', 1266, '2015-01-30', 'Afternoon'),
('pantry', 1269, '2015-03-10', 'Evening'),
('pantry', 1272, '2015-04-16', 'Afternoon'),
('pantry', 1281, '2015-05-06', 'Evening'),
('pantry', 1288, '2015-05-17', 'Afternoon'),
('pantry', 1293, '2015-05-25', 'Evening'),
('pantry', 1294, '2015-06-22', 'Afternoon'),
('pantry', 1299, '2015-06-28', 'Evening'),
('pantry', 1208, '2015-07-10', 'Afternoon'),
('pantry', 1215, '2015-08-07', 'Evening'),
('pantry', 1223, '2015-08-19', 'Afternoon'),
('pantry', 1235, '2015-09-29', 'Evening'),
('pantry', 1236, '2015-10-22', 'Afternoon'),
('pantry', 1239, '2015-10-23', 'Evening'),
('pantry', 1240, '2015-11-02', 'Afternoon'),
('pantry', 1241, '2015-12-03', 'Evening'),
('pantry', 1247, '2015-12-31', 'Afternoon'),
('pantry', 1250, '2016-01-27', 'Evening'),
('pantry', 1252, '2016-04-09', 'Afternoon'),
('pantry', 1265, '2016-04-10', 'Evening'),
('pantry', 1266, '2016-04-14', 'Afternoon'),
('pantry', 1269, '2016-04-15', 'Evening'),
('pantry', 1272, '2016-04-29', 'Afternoon'),
('pantry', 1281, '2016-05-04', 'Evening'),
('pantry', 1288, '2016-05-18', 'Afternoon'),
('pantry', 1293, '2016-07-25', 'Evening'),
('pantry', 1294, '2016-09-07', 'Afternoon'),
('pantry', 1299, '2016-09-21', 'Evening'),
('pantry', 1208, '2016-09-22', 'Afternoon'),
('pantry', 1215, '2016-10-30', 'Evening'),
('pantry', 1223, '2016-11-13', 'Afternoon'),
('pantry', 1235, '2016-11-14', 'Evening'),
('pantry', 1236, '2016-11-16', 'Afternoon'),
('pantry', 1239, '2016-11-20', 'Evening'),
('pantry', 1240, '2016-12-02', 'Afternoon'),
('pantry', 1241, '2017-01-20', 'Evening'),
('pantry', 1247, '2017-03-02', 'Afternoon'),
('pantry', 1250, '2017-03-29', 'Evening'),
('pantry', 1252, '2017-04-03', 'Afternoon'),
('pantry', 1265, '2017-04-09', 'Evening'),
('pantry', 1266, '2017-04-21', 'Afternoon'),
('pantry', 1269, '2017-05-04', 'Evening'),
('pantry', 1272, '2017-05-16', 'Afternoon'),
('pantry', 1281, '2017-07-20', 'Evening'),
('pantry', 1288, '2017-08-21', 'Afternoon'),
('pantry', 1293, '2017-09-18', 'Evening'),
('pantry', 1294, '2017-09-22', 'Afternoon'),
('pantry', 1299, '2017-11-10', 'Evening'),
('pantry', 1208, '2017-11-11', 'Afternoon'),
('pantry', 1215, '2018-01-06', 'Evening'),
('pantry', 1223, '2018-03-15', 'Afternoon'),
('pantry', 1235, '2018-04-04', 'Evening'),
('pantry', 1236, '2018-06-09', 'Afternoon'),
('pantry', 1239, '2018-06-20', 'Evening'),
('pantry', 1240, '2018-07-20', 'Afternoon'),
('pantry', 1241, '2018-09-01', 'Evening'),
('pantry', 1247, '2018-09-07', 'Afternoon'),
('pantry', 1250, '2018-09-08', 'Evening'),
('pantry', 1252, '2018-10-07', 'Afternoon'),
('pantry', 1265, '2018-10-30', 'Evening'),
('pantry', 1266, '2018-11-07', 'Afternoon'),
('pantry', 1269, '2018-11-08', 'Evening'),
('pantry', 1272, '2018-11-21', 'Afternoon'),
('pantry', 1281, '2019-01-19', 'Evening'),
('pantry', 1288, '2019-03-29', 'Afternoon'),
('pantry', 1293, '2019-04-14', 'Evening'),
('pantry', 1294, '2019-05-08', 'Afternoon'),
('pantry', 1299, '2019-05-15', 'Evening'),
('pantry', 1208, '2019-08-11', 'Afternoon'),
('pantry', 1215, '2019-08-13', 'Evening'),
('pantry', 1223, '2019-09-09', 'Afternoon'),
('pantry', 1235, '2019-09-10', 'Evening'),
('pantry', 1236, '2019-09-12', 'Afternoon'),
('pantry', 1239, '2019-09-15', 'Evening'),
('pantry', 1240, '2019-09-28', 'Afternoon'),
('pantry', 1241, '2019-09-29', 'Evening'),
('pantry', 1247, '2019-11-11', 'Afternoon'),
('pantry', 1250, '2019-11-29', 'Evening'),
('pastry', 1208, '2011-01-03', 'Afternoon'),
('pastry', 1215, '2011-01-02', 'Evening'),
('pastry', 1223, '2011-02-16', 'Afternoon'),
('pastry', 1235, '2011-02-18', 'Evening'),
('pastry', 1236, '2011-03-03', 'Afternoon'),
('pastry', 1239, '2011-03-04', 'Evening'),
('pastry', 1240, '2011-03-29', 'Afternoon'),
('pastry', 1241, '2011-03-31', 'Evening'),
('pastry', 1247, '2011-04-10', 'Afternoon'),
('pastry', 1250, '2011-04-18', 'Evening'),
('pastry', 1252, '2011-04-26', 'Afternoon'),
('pastry', 1265, '2011-04-28', 'Evening'),
('pastry', 1266, '2011-04-27', 'Afternoon'),
('pastry', 1269, '2011-05-24', 'Evening'),
('pastry', 1272, '2011-07-08', 'Afternoon'),
('pastry', 1281, '2011-07-14', 'Evening'),
('pastry', 1288, '2011-07-17', 'Afternoon'),
('pastry', 1293, '2011-07-21', 'Evening'),
('pastry', 1294, '2011-07-22', 'Afternoon'),
('pastry', 1299, '2011-07-31', 'Evening'),
('pastry', 1208, '2011-08-23', 'Afternoon'),
('pastry', 1215, '2011-08-31', 'Evening'),
('pastry', 1223, '2011-09-29', 'Afternoon'),
('pastry', 1235, '2011-10-15', 'Evening'),
('pastry', 1236, '2011-10-25', 'Afternoon'),
('pastry', 1239, '2011-11-04', 'Evening'),
('pastry', 1240, '2011-11-19', 'Afternoon'),
('pastry', 1241, '2011-12-03', 'Evening'),
('pastry', 1247, '2011-12-24', 'Afternoon'),
('pastry', 1250, '2012-02-13', 'Evening'),
('pastry', 1252, '2012-04-09', 'Afternoon'),
('pastry', 1265, '2012-04-15', 'Evening'),
('pastry', 1266, '2012-05-13', 'Afternoon'),
('pastry', 1269, '2012-05-19', 'Evening'),
('pastry', 1272, '2012-05-24', 'Afternoon'),
('pastry', 1281, '2012-05-29', 'Evening'),
('pastry', 1288, '2012-06-09', 'Afternoon'),
('pastry', 1293, '2012-08-08', 'Evening'),
('pastry', 1294, '2012-09-23', 'Afternoon'),
('pastry', 1299, '2012-10-04', 'Evening'),
('pastry', 1208, '2012-10-26', 'Afternoon'),
('pastry', 1215, '2012-11-10', 'Evening'),
('pastry', 1223, '2012-12-01', 'Afternoon'),
('pastry', 1235, '2013-01-18', 'Evening'),
('pastry', 1236, '2013-03-27', 'Afternoon'),
('pastry', 1239, '2013-03-30', 'Evening'),
('pastry', 1240, '2013-04-01', 'Afternoon'),
('pastry', 1241, '2013-04-12', 'Evening'),
('pastry', 1247, '2013-05-18', 'Afternoon'),
('pastry', 1250, '2013-05-20', 'Evening'),
('pastry', 1252, '2013-07-04', 'Afternoon'),
('pastry', 1265, '2013-07-20', 'Evening'),
('pastry', 1266, '2013-07-23', 'Afternoon'),
('pastry', 1269, '2013-08-19', 'Evening'),
('pastry', 1272, '2013-08-29', 'Afternoon'),
('pastry', 1281, '2013-09-13', 'Evening'),
('pastry', 1288, '2013-10-03', 'Afternoon'),
('pastry', 1293, '2013-10-17', 'Evening'),
('pastry', 1294, '2013-10-19', 'Afternoon'),
('pastry', 1299, '2013-11-11', 'Evening'),
('pastry', 1208, '2013-11-22', 'Afternoon'),
('pastry', 1215, '2013-12-21', 'Evening'),
('pastry', 1223, '2013-12-24', 'Afternoon'),
('pastry', 1235, '2014-03-06', 'Evening'),
('pastry', 1236, '2014-04-20', 'Afternoon'),
('pastry', 1239, '2014-05-21', 'Evening'),
('pastry', 1240, '2014-06-01', 'Afternoon'),
('pastry', 1241, '2014-06-29', 'Evening'),
('pastry', 1247, '2014-07-13', 'Afternoon'),
('pastry', 1250, '2014-07-16', 'Evening'),
('pastry', 1252, '2014-11-08', 'Afternoon'),
('pastry', 1265, '2014-12-19', 'Evening'),
('pastry', 1266, '2015-01-30', 'Afternoon'),
('pastry', 1269, '2015-03-10', 'Evening'),
('pastry', 1272, '2015-04-16', 'Afternoon'),
('pastry', 1281, '2015-05-06', 'Evening'),
('pastry', 1288, '2015-05-17', 'Afternoon'),
('pastry', 1293, '2015-05-25', 'Evening'),
('pastry', 1294, '2015-06-22', 'Afternoon'),
('pastry', 1299, '2015-06-28', 'Evening'),
('pastry', 1208, '2015-07-10', 'Afternoon'),
('pastry', 1215, '2015-08-07', 'Evening'),
('pastry', 1223, '2015-08-19', 'Afternoon'),
('pastry', 1235, '2015-09-29', 'Evening'),
('pastry', 1236, '2015-10-22', 'Afternoon'),
('pastry', 1239, '2015-10-23', 'Evening'),
('pastry', 1240, '2015-11-02', 'Afternoon'),
('pastry', 1241, '2015-12-03', 'Evening'),
('pastry', 1247, '2015-12-31', 'Afternoon'),
('pastry', 1250, '2016-01-27', 'Evening'),
('pastry', 1252, '2016-04-09', 'Afternoon'),
('pastry', 1265, '2016-04-10', 'Evening'),
('pastry', 1266, '2016-04-14', 'Afternoon'),
('pastry', 1269, '2016-04-15', 'Evening'),
('pastry', 1272, '2016-04-29', 'Afternoon'),
('pastry', 1281, '2016-05-04', 'Evening'),
('pastry', 1288, '2016-05-18', 'Afternoon'),
('pastry', 1293, '2016-07-25', 'Evening'),
('pastry', 1294, '2016-09-07', 'Afternoon'),
('pastry', 1299, '2016-09-21', 'Evening'),
('pastry', 1208, '2016-09-22', 'Afternoon'),
('pastry', 1215, '2016-10-30', 'Evening'),
('pastry', 1223, '2016-11-13', 'Afternoon'),
('pastry', 1235, '2016-11-14', 'Evening'),
('pastry', 1236, '2016-11-16', 'Afternoon'),
('pastry', 1239, '2016-11-20', 'Evening'),
('pastry', 1240, '2016-12-02', 'Afternoon'),
('pastry', 1241, '2017-01-20', 'Evening'),
('pastry', 1247, '2017-03-02', 'Afternoon'),
('pastry', 1250, '2017-03-29', 'Evening'),
('pastry', 1252, '2017-04-03', 'Afternoon'),
('pastry', 1265, '2017-04-09', 'Evening'),
('pastry', 1266, '2017-04-21', 'Afternoon'),
('pastry', 1269, '2017-05-04', 'Evening'),
('pastry', 1272, '2017-05-16', 'Afternoon'),
('pastry', 1281, '2017-07-20', 'Evening'),
('pastry', 1288, '2017-08-21', 'Afternoon'),
('pastry', 1293, '2017-09-18', 'Evening'),
('pastry', 1294, '2017-09-22', 'Afternoon'),
('pastry', 1299, '2017-11-10', 'Evening'),
('pastry', 1208, '2017-11-11', 'Afternoon'),
('pastry', 1215, '2018-01-06', 'Evening'),
('pastry', 1223, '2018-03-15', 'Afternoon'),
('pastry', 1235, '2018-04-04', 'Evening'),
('pastry', 1236, '2018-06-09', 'Afternoon'),
('pastry', 1239, '2018-06-20', 'Evening'),
('pastry', 1240, '2018-07-20', 'Afternoon'),
('pastry', 1241, '2018-09-01', 'Evening'),
('pastry', 1247, '2018-09-07', 'Afternoon'),
('pastry', 1250, '2018-09-08', 'Evening'),
('pastry', 1252, '2018-10-07', 'Afternoon'),
('pastry', 1265, '2018-10-30', 'Evening'),
('pastry', 1266, '2018-11-07', 'Afternoon'),
('pastry', 1269, '2018-11-08', 'Evening'),
('pastry', 1272, '2018-11-21', 'Afternoon'),
('pastry', 1281, '2019-01-19', 'Evening'),
('pastry', 1288, '2019-03-29', 'Afternoon'),
('pastry', 1293, '2019-04-14', 'Evening'),
('pastry', 1294, '2019-05-08', 'Afternoon'),
('pastry', 1299, '2019-05-15', 'Evening'),
('pastry', 1208, '2019-08-11', 'Afternoon'),
('pastry', 1215, '2019-08-13', 'Evening'),
('pastry', 1223, '2019-09-09', 'Afternoon'),
('pastry', 1235, '2019-09-10', 'Evening'),
('pastry', 1236, '2019-09-12', 'Afternoon'),
('pastry', 1239, '2019-09-15', 'Evening'),
('pastry', 1240, '2019-09-28', 'Afternoon'),
('pastry', 1241, '2019-09-29', 'Evening'),
('pastry', 1247, '2019-11-11', 'Afternoon'),
('pastry', 1250, '2019-11-29', 'Evening'),
('roast', 1208, '2011-01-03', 'Afternoon'),
('roast', 1215, '2011-01-02', 'Evening'),
('roast', 1223, '2011-02-16', 'Afternoon'),
('roast', 1235, '2011-02-18', 'Evening'),
('roast', 1236, '2011-03-03', 'Afternoon'),
('roast', 1239, '2011-03-04', 'Evening'),
('roast', 1240, '2011-03-29', 'Afternoon'),
('roast', 1241, '2011-03-31', 'Evening'),
('roast', 1247, '2011-04-10', 'Afternoon'),
('roast', 1250, '2011-04-18', 'Evening'),
('roast', 1252, '2011-04-26', 'Afternoon'),
('roast', 1265, '2011-04-28', 'Evening'),
('roast', 1266, '2011-04-27', 'Afternoon'),
('roast', 1269, '2011-05-24', 'Evening'),
('roast', 1272, '2011-07-08', 'Afternoon'),
('roast', 1281, '2011-07-14', 'Evening'),
('roast', 1288, '2011-07-17', 'Afternoon'),
('roast', 1293, '2011-07-21', 'Evening'),
('roast', 1294, '2011-07-22', 'Afternoon'),
('roast', 1299, '2011-07-31', 'Evening'),
('roast', 1208, '2011-08-23', 'Afternoon'),
('roast', 1215, '2011-08-31', 'Evening'),
('roast', 1223, '2011-09-29', 'Afternoon'),
('roast', 1235, '2011-10-15', 'Evening'),
('roast', 1236, '2011-10-25', 'Afternoon'),
('roast', 1239, '2011-11-04', 'Evening'),
('roast', 1240, '2011-11-19', 'Afternoon'),
('roast', 1241, '2011-12-03', 'Evening'),
('roast', 1247, '2011-12-24', 'Afternoon'),
('roast', 1250, '2012-02-13', 'Evening'),
('roast', 1252, '2012-04-09', 'Afternoon'),
('roast', 1265, '2012-04-15', 'Evening'),
('roast', 1266, '2012-05-13', 'Afternoon'),
('roast', 1269, '2012-05-19', 'Evening'),
('roast', 1272, '2012-05-24', 'Afternoon'),
('roast', 1281, '2012-05-29', 'Evening'),
('roast', 1288, '2012-06-09', 'Afternoon'),
('roast', 1293, '2012-08-08', 'Evening'),
('roast', 1294, '2012-09-23', 'Afternoon'),
('roast', 1299, '2012-10-04', 'Evening'),
('roast', 1208, '2012-10-26', 'Afternoon'),
('roast', 1215, '2012-11-10', 'Evening'),
('roast', 1223, '2012-12-01', 'Afternoon'),
('roast', 1235, '2013-01-18', 'Evening'),
('roast', 1236, '2013-03-27', 'Afternoon'),
('roast', 1239, '2013-03-30', 'Evening'),
('roast', 1240, '2013-04-01', 'Afternoon'),
('roast', 1241, '2013-04-12', 'Evening'),
('roast', 1247, '2013-05-18', 'Afternoon'),
('roast', 1250, '2013-05-20', 'Evening'),
('roast', 1252, '2013-07-04', 'Afternoon'),
('roast', 1265, '2013-07-20', 'Evening'),
('roast', 1266, '2013-07-23', 'Afternoon'),
('roast', 1269, '2013-08-19', 'Evening'),
('roast', 1272, '2013-08-29', 'Afternoon'),
('roast', 1281, '2013-09-13', 'Evening'),
('roast', 1288, '2013-10-03', 'Afternoon'),
('roast', 1293, '2013-10-17', 'Evening'),
('roast', 1294, '2013-10-19', 'Afternoon'),
('roast', 1299, '2013-11-11', 'Evening'),
('roast', 1208, '2013-11-22', 'Afternoon'),
('roast', 1215, '2013-12-21', 'Evening'),
('roast', 1223, '2013-12-24', 'Afternoon'),
('roast', 1235, '2014-03-06', 'Evening'),
('roast', 1236, '2014-04-20', 'Afternoon'),
('roast', 1239, '2014-05-21', 'Evening'),
('roast', 1240, '2014-06-01', 'Afternoon'),
('roast', 1241, '2014-06-29', 'Evening'),
('roast', 1247, '2014-07-13', 'Afternoon'),
('roast', 1250, '2014-07-16', 'Evening'),
('roast', 1252, '2014-11-08', 'Afternoon'),
('roast', 1265, '2014-12-19', 'Evening'),
('roast', 1266, '2015-01-30', 'Afternoon'),
('roast', 1269, '2015-03-10', 'Evening'),
('roast', 1272, '2015-04-16', 'Afternoon'),
('roast', 1281, '2015-05-06', 'Evening'),
('roast', 1288, '2015-05-17', 'Afternoon'),
('roast', 1293, '2015-05-25', 'Evening'),
('roast', 1294, '2015-06-22', 'Afternoon'),
('roast', 1299, '2015-06-28', 'Evening'),
('roast', 1208, '2015-07-10', 'Afternoon'),
('roast', 1215, '2015-08-07', 'Evening'),
('roast', 1223, '2015-08-19', 'Afternoon'),
('roast', 1235, '2015-09-29', 'Evening'),
('roast', 1236, '2015-10-22', 'Afternoon'),
('roast', 1239, '2015-10-23', 'Evening'),
('roast', 1240, '2015-11-02', 'Afternoon'),
('roast', 1241, '2015-12-03', 'Evening'),
('roast', 1247, '2015-12-31', 'Afternoon'),
('roast', 1250, '2016-01-27', 'Evening'),
('roast', 1252, '2016-04-09', 'Afternoon'),
('roast', 1265, '2016-04-10', 'Evening'),
('roast', 1266, '2016-04-14', 'Afternoon'),
('roast', 1269, '2016-04-15', 'Evening'),
('roast', 1272, '2016-04-29', 'Afternoon'),
('roast', 1281, '2016-05-04', 'Evening'),
('roast', 1288, '2016-05-18', 'Afternoon'),
('roast', 1293, '2016-07-25', 'Evening'),
('roast', 1294, '2016-09-07', 'Afternoon'),
('roast', 1299, '2016-09-21', 'Evening'),
('roast', 1208, '2016-09-22', 'Afternoon'),
('roast', 1215, '2016-10-30', 'Evening'),
('roast', 1223, '2016-11-13', 'Afternoon'),
('roast', 1235, '2016-11-14', 'Evening'),
('roast', 1236, '2016-11-16', 'Afternoon'),
('roast', 1239, '2016-11-20', 'Evening'),
('roast', 1240, '2016-12-02', 'Afternoon'),
('roast', 1241, '2017-01-20', 'Evening'),
('roast', 1247, '2017-03-02', 'Afternoon'),
('roast', 1250, '2017-03-29', 'Evening'),
('roast', 1252, '2017-04-03', 'Afternoon'),
('roast', 1265, '2017-04-09', 'Evening'),
('roast', 1266, '2017-04-21', 'Afternoon'),
('roast', 1269, '2017-05-04', 'Evening'),
('roast', 1272, '2017-05-16', 'Afternoon'),
('roast', 1281, '2017-07-20', 'Evening'),
('roast', 1288, '2017-08-21', 'Afternoon'),
('roast', 1293, '2017-09-18', 'Evening'),
('roast', 1294, '2017-09-22', 'Afternoon'),
('roast', 1299, '2017-11-10', 'Evening'),
('roast', 1208, '2017-11-11', 'Afternoon'),
('roast', 1215, '2018-01-06', 'Evening'),
('roast', 1223, '2018-03-15', 'Afternoon'),
('roast', 1235, '2018-04-04', 'Evening'),
('roast', 1236, '2018-06-09', 'Afternoon'),
('roast', 1239, '2018-06-20', 'Evening'),
('roast', 1240, '2018-07-20', 'Afternoon'),
('roast', 1241, '2018-09-01', 'Evening'),
('roast', 1247, '2018-09-07', 'Afternoon'),
('roast', 1250, '2018-09-08', 'Evening'),
('roast', 1252, '2018-10-07', 'Afternoon'),
('roast', 1265, '2018-10-30', 'Evening'),
('roast', 1266, '2018-11-07', 'Afternoon'),
('roast', 1269, '2018-11-08', 'Evening'),
('roast', 1272, '2018-11-21', 'Afternoon'),
('roast', 1281, '2019-01-19', 'Evening'),
('roast', 1288, '2019-03-29', 'Afternoon'),
('roast', 1293, '2019-04-14', 'Evening'),
('roast', 1294, '2019-05-08', 'Afternoon'),
('roast', 1299, '2019-05-15', 'Evening'),
('roast', 1208, '2019-08-11', 'Afternoon'),
('roast', 1215, '2019-08-13', 'Evening'),
('roast', 1223, '2019-09-09', 'Afternoon'),
('roast', 1235, '2019-09-10', 'Evening'),
('roast', 1236, '2019-09-12', 'Afternoon'),
('roast', 1239, '2019-09-15', 'Evening'),
('roast', 1240, '2019-09-28', 'Afternoon'),
('roast', 1241, '2019-09-29', 'Evening'),
('roast', 1247, '2019-11-11', 'Afternoon'),
('roast', 1250, '2019-11-29', 'Evening'),
('saute', 1208, '2011-01-03', 'Afternoon'),
('saute', 1215, '2011-01-02', 'Evening'),
('saute', 1223, '2011-02-16', 'Afternoon'),
('saute', 1235, '2011-02-18', 'Evening'),
('saute', 1236, '2011-03-03', 'Afternoon'),
('saute', 1239, '2011-03-04', 'Evening'),
('saute', 1240, '2011-03-29', 'Afternoon'),
('saute', 1241, '2011-03-31', 'Evening'),
('saute', 1247, '2011-04-10', 'Afternoon'),
('saute', 1250, '2011-04-18', 'Evening'),
('saute', 1252, '2011-04-26', 'Afternoon'),
('saute', 1265, '2011-04-28', 'Evening'),
('saute', 1266, '2011-04-27', 'Afternoon'),
('saute', 1269, '2011-05-24', 'Evening'),
('saute', 1272, '2011-07-08', 'Afternoon'),
('saute', 1281, '2011-07-14', 'Evening'),
('saute', 1288, '2011-07-17', 'Afternoon'),
('saute', 1293, '2011-07-21', 'Evening'),
('saute', 1294, '2011-07-22', 'Afternoon'),
('saute', 1299, '2011-07-31', 'Evening'),
('saute', 1208, '2011-08-23', 'Afternoon'),
('saute', 1215, '2011-08-31', 'Evening'),
('saute', 1223, '2011-09-29', 'Afternoon'),
('saute', 1235, '2011-10-15', 'Evening'),
('saute', 1236, '2011-10-25', 'Afternoon'),
('saute', 1239, '2011-11-04', 'Evening'),
('saute', 1240, '2011-11-19', 'Afternoon'),
('saute', 1241, '2011-12-03', 'Evening'),
('saute', 1247, '2011-12-24', 'Afternoon'),
('saute', 1250, '2012-02-13', 'Evening'),
('saute', 1252, '2012-04-09', 'Afternoon'),
('saute', 1265, '2012-04-15', 'Evening'),
('saute', 1266, '2012-05-13', 'Afternoon'),
('saute', 1269, '2012-05-19', 'Evening'),
('saute', 1272, '2012-05-24', 'Afternoon'),
('saute', 1281, '2012-05-29', 'Evening'),
('saute', 1288, '2012-06-09', 'Afternoon'),
('saute', 1293, '2012-08-08', 'Evening'),
('saute', 1294, '2012-09-23', 'Afternoon'),
('saute', 1299, '2012-10-04', 'Evening'),
('saute', 1208, '2012-10-26', 'Afternoon'),
('saute', 1215, '2012-11-10', 'Evening'),
('saute', 1223, '2012-12-01', 'Afternoon'),
('saute', 1235, '2013-01-18', 'Evening'),
('saute', 1236, '2013-03-27', 'Afternoon'),
('saute', 1239, '2013-03-30', 'Evening'),
('saute', 1240, '2013-04-01', 'Afternoon'),
('saute', 1241, '2013-04-12', 'Evening'),
('saute', 1247, '2013-05-18', 'Afternoon'),
('saute', 1250, '2013-05-20', 'Evening'),
('saute', 1252, '2013-07-04', 'Afternoon'),
('saute', 1265, '2013-07-20', 'Evening'),
('saute', 1266, '2013-07-23', 'Afternoon'),
('saute', 1269, '2013-08-19', 'Evening'),
('saute', 1272, '2013-08-29', 'Afternoon'),
('saute', 1281, '2013-09-13', 'Evening'),
('saute', 1288, '2013-10-03', 'Afternoon'),
('saute', 1293, '2013-10-17', 'Evening'),
('saute', 1294, '2013-10-19', 'Afternoon'),
('saute', 1299, '2013-11-11', 'Evening'),
('saute', 1208, '2013-11-22', 'Afternoon'),
('saute', 1215, '2013-12-21', 'Evening'),
('saute', 1223, '2013-12-24', 'Afternoon'),
('saute', 1235, '2014-03-06', 'Evening'),
('saute', 1236, '2014-04-20', 'Afternoon'),
('saute', 1239, '2014-05-21', 'Evening'),
('saute', 1240, '2014-06-01', 'Afternoon'),
('saute', 1241, '2014-06-29', 'Evening'),
('saute', 1247, '2014-07-13', 'Afternoon'),
('saute', 1250, '2014-07-16', 'Evening'),
('saute', 1252, '2014-11-08', 'Afternoon'),
('saute', 1265, '2014-12-19', 'Evening'),
('saute', 1266, '2015-01-30', 'Afternoon'),
('saute', 1269, '2015-03-10', 'Evening'),
('saute', 1272, '2015-04-16', 'Afternoon'),
('saute', 1281, '2015-05-06', 'Evening'),
('saute', 1288, '2015-05-17', 'Afternoon'),
('saute', 1293, '2015-05-25', 'Evening'),
('saute', 1294, '2015-06-22', 'Afternoon'),
('saute', 1299, '2015-06-28', 'Evening'),
('saute', 1208, '2015-07-10', 'Afternoon'),
('saute', 1215, '2015-08-07', 'Evening'),
('saute', 1223, '2015-08-19', 'Afternoon'),
('saute', 1235, '2015-09-29', 'Evening'),
('saute', 1236, '2015-10-22', 'Afternoon'),
('saute', 1239, '2015-10-23', 'Evening'),
('saute', 1240, '2015-11-02', 'Afternoon'),
('saute', 1241, '2015-12-03', 'Evening'),
('saute', 1247, '2015-12-31', 'Afternoon'),
('saute', 1250, '2016-01-27', 'Evening'),
('saute', 1252, '2016-04-09', 'Afternoon'),
('saute', 1265, '2016-04-10', 'Evening'),
('saute', 1266, '2016-04-14', 'Afternoon'),
('saute', 1269, '2016-04-15', 'Evening'),
('saute', 1272, '2016-04-29', 'Afternoon'),
('saute', 1281, '2016-05-04', 'Evening'),
('saute', 1288, '2016-05-18', 'Afternoon'),
('saute', 1293, '2016-07-25', 'Evening'),
('saute', 1294, '2016-09-07', 'Afternoon'),
('saute', 1299, '2016-09-21', 'Evening'),
('saute', 1208, '2016-09-22', 'Afternoon'),
('saute', 1215, '2016-10-30', 'Evening'),
('saute', 1223, '2016-11-13', 'Afternoon'),
('saute', 1235, '2016-11-14', 'Evening'),
('saute', 1236, '2016-11-16', 'Afternoon'),
('saute', 1239, '2016-11-20', 'Evening'),
('saute', 1240, '2016-12-02', 'Afternoon'),
('saute', 1241, '2017-01-20', 'Evening'),
('saute', 1247, '2017-03-02', 'Afternoon'),
('saute', 1250, '2017-03-29', 'Evening'),
('saute', 1252, '2017-04-03', 'Afternoon'),
('saute', 1265, '2017-04-09', 'Evening'),
('saute', 1266, '2017-04-21', 'Afternoon'),
('saute', 1269, '2017-05-04', 'Evening'),
('saute', 1272, '2017-05-16', 'Afternoon'),
('saute', 1281, '2017-07-20', 'Evening'),
('saute', 1288, '2017-08-21', 'Afternoon'),
('saute', 1293, '2017-09-18', 'Evening'),
('saute', 1294, '2017-09-22', 'Afternoon'),
('saute', 1299, '2017-11-10', 'Evening'),
('saute', 1208, '2017-11-11', 'Afternoon'),
('saute', 1215, '2018-01-06', 'Evening'),
('saute', 1223, '2018-03-15', 'Afternoon'),
('saute', 1235, '2018-04-04', 'Evening'),
('saute', 1236, '2018-06-09', 'Afternoon'),
('saute', 1239, '2018-06-20', 'Evening'),
('saute', 1240, '2018-07-20', 'Afternoon'),
('saute', 1241, '2018-09-01', 'Evening'),
('saute', 1247, '2018-09-07', 'Afternoon'),
('saute', 1250, '2018-09-08', 'Evening'),
('saute', 1252, '2018-10-07', 'Afternoon'),
('saute', 1265, '2018-10-30', 'Evening'),
('saute', 1266, '2018-11-07', 'Afternoon'),
('saute', 1269, '2018-11-08', 'Evening'),
('saute', 1272, '2018-11-21', 'Afternoon'),
('saute', 1281, '2019-01-19', 'Evening'),
('saute', 1288, '2019-03-29', 'Afternoon'),
('saute', 1293, '2019-04-14', 'Evening'),
('saute', 1294, '2019-05-08', 'Afternoon'),
('saute', 1299, '2019-05-15', 'Evening'),
('saute', 1208, '2019-08-11', 'Afternoon'),
('saute', 1215, '2019-08-13', 'Evening'),
('saute', 1223, '2019-09-09', 'Afternoon'),
('saute', 1235, '2019-09-10', 'Evening'),
('saute', 1236, '2019-09-12', 'Afternoon'),
('saute', 1239, '2019-09-15', 'Evening'),
('saute', 1240, '2019-09-28', 'Afternoon'),
('saute', 1241, '2019-09-29', 'Evening'),
('saute', 1247, '2019-11-11', 'Afternoon'),
('saute', 1250, '2019-11-29', 'Evening');

INSERT INTO maitre_d (empID)
VALUES 
(2008),
(2082),
(2175),
(2373),
(2403),
(2418),
(2453),
(2590),
(2691),
(2798);

INSERT INTO manager (empID)
VALUES 
(9410),
(9465),
(9732),
(9811),
(9899);

INSERT INTO timeOfDay (dayType)
VALUES 
('Afternoon'),
('Evening');


INSERT INTO shift (shiftDate, dayType, managerID, chefID)
VALUES 
('2011-01-03', 'Afternoon', 9410, 1004),
('2011-01-02', 'Evening', 9465, 1015),
('2011-02-16', 'Afternoon', 9732, 1016),
('2011-02-18', 'Evening', 9811, 1017),
('2011-03-03', 'Afternoon', 9899, 1022),
('2011-03-04', 'Evening', 9410, 1026),
('2011-03-29', 'Afternoon', 9465, 1042),
('2011-03-31', 'Evening', 9732, 1055),
('2011-04-10', 'Afternoon', 9811, 1064),
('2011-04-18', 'Evening', 9899, 1092),
('2011-04-26', 'Afternoon', 9410, 1004),
('2011-04-28', 'Evening', 9465, 1015),
('2011-04-27', 'Afternoon', 9732, 1016),
('2011-05-24', 'Evening', 9811, 1017),
('2011-07-08', 'Afternoon', 9899, 1022),
('2011-07-14', 'Evening', 9410, 1026),
('2011-07-17', 'Afternoon', 9465, 1042),
('2011-07-21', 'Evening', 9732, 1055),
('2011-07-22', 'Afternoon', 9811, 1064),
('2011-07-31', 'Evening', 9899, 1092),
('2011-08-23', 'Afternoon', 9410, 1004),
('2011-08-31', 'Evening', 9465, 1015),
('2011-09-29', 'Afternoon', 9732, 1016),
('2011-10-15', 'Evening', 9811, 1017),
('2011-10-25', 'Afternoon', 9899, 1022),
('2011-11-04', 'Evening', 9410, 1026),
('2011-11-19', 'Afternoon', 9465, 1042),
('2011-12-03', 'Evening', 9732, 1055),
('2011-12-24', 'Afternoon', 9811, 1064),
('2012-02-13', 'Evening', 9899, 1092),
('2012-04-09', 'Afternoon', 9410, 1004),
('2012-04-15', 'Evening', 9465, 1015),
('2012-05-13', 'Afternoon', 9732, 1016),
('2012-05-19', 'Evening', 9811, 1017),
('2012-05-24', 'Afternoon', 9899, 1022),
('2012-05-29', 'Evening', 9410, 1026),
('2012-06-09', 'Afternoon', 9465, 1042),
('2012-08-08', 'Evening', 9732, 1055),
('2012-09-23', 'Afternoon', 9811, 1064),
('2012-10-04', 'Evening', 9899, 1092),
('2012-10-26', 'Afternoon', 9410, 1004),
('2012-11-10', 'Evening', 9465, 1015),
('2012-12-01', 'Afternoon', 9732, 1016),
('2013-01-18', 'Evening', 9811, 1017),
('2013-03-27', 'Afternoon', 9899, 1022),
('2013-03-30', 'Evening', 9410, 1026),
('2013-04-01', 'Afternoon', 9465, 1042),
('2013-04-12', 'Evening', 9732, 1055),
('2013-05-18', 'Afternoon', 9811, 1064),
('2013-05-20', 'Evening', 9899, 1092),
('2013-07-04', 'Afternoon', 9410, 1004),
('2013-07-20', 'Evening', 9465, 1015),
('2013-07-23', 'Afternoon', 9732, 1016),
('2013-08-19', 'Evening', 9811, 1017),
('2013-08-29', 'Afternoon', 9899, 1022),
('2013-09-13', 'Evening', 9410, 1026),
('2013-10-03', 'Afternoon', 9465, 1042),
('2013-10-17', 'Evening', 9732, 1055),
('2013-10-19', 'Afternoon', 9811, 1064),
('2013-11-11', 'Evening', 9899, 1092),
('2013-11-22', 'Afternoon', 9410, 1004),
('2013-12-21', 'Evening', 9465, 1015),
('2013-12-24', 'Afternoon', 9732, 1016),
('2014-03-06', 'Evening', 9811, 1017),
('2014-04-20', 'Afternoon', 9899, 1022),
('2014-05-21', 'Evening', 9410, 1026),
('2014-06-01', 'Afternoon', 9465, 1042),
('2014-06-29', 'Evening', 9732, 1055),
('2014-07-13', 'Afternoon', 9811, 1064),
('2014-07-16', 'Evening', 9899, 1092),
('2014-11-08', 'Afternoon', 9410, 1004),
('2014-12-19', 'Evening', 9465, 1015),
('2015-01-30', 'Afternoon', 9732, 1016),
('2015-03-10', 'Evening', 9811, 1017),
('2015-04-16', 'Afternoon', 9899, 1022),
('2015-05-06', 'Evening', 9410, 1026),
('2015-05-17', 'Afternoon', 9465, 1042),
('2015-05-25', 'Evening', 9732, 1055),
('2015-06-22', 'Afternoon', 9811, 1064),
('2015-06-28', 'Evening', 9899, 1092),
('2015-07-10', 'Afternoon', 9410, 1004),
('2015-08-07', 'Evening', 9465, 1015),
('2015-08-19', 'Afternoon', 9732, 1016),
('2015-09-29', 'Evening', 9811, 1017),
('2015-10-22', 'Afternoon', 9899, 1022),
('2015-10-23', 'Evening', 9410, 1026),
('2015-11-02', 'Afternoon', 9465, 1042),
('2015-12-03', 'Evening', 9732, 1055),
('2015-12-31', 'Afternoon', 9811, 1064),
('2016-01-27', 'Evening', 9899, 1092),
('2016-04-09', 'Afternoon', 9410, 1004),
('2016-04-10', 'Evening', 9465, 1015),
('2016-04-14', 'Afternoon', 9732, 1016),
('2016-04-15', 'Evening', 9811, 1017),
('2016-04-29', 'Afternoon', 9899, 1022),
('2016-05-04', 'Evening', 9410, 1026),
('2016-05-18', 'Afternoon', 9465, 1042),
('2016-07-25', 'Evening', 9732, 1055),
('2016-09-07', 'Afternoon', 9811, 1064),
('2016-09-21', 'Evening', 9899, 1092),
('2016-09-22', 'Afternoon', 9410, 1004),
('2016-10-30', 'Evening', 9465, 1015),
('2016-11-13', 'Afternoon', 9732, 1016),
('2016-11-14', 'Evening', 9811, 1017),
('2016-11-16', 'Afternoon', 9899, 1022),
('2016-11-20', 'Evening', 9410, 1026),
('2016-12-02', 'Afternoon', 9465, 1042),
('2017-01-20', 'Evening', 9732, 1055),
('2017-03-02', 'Afternoon', 9811, 1064),
('2017-03-29', 'Evening', 9899, 1092),
('2017-04-03', 'Afternoon', 9410, 1004),
('2017-04-09', 'Evening', 9465, 1015),
('2017-04-21', 'Afternoon', 9732, 1016),
('2017-05-04', 'Evening', 9811, 1017),
('2017-05-16', 'Afternoon', 9899, 1022),
('2017-07-20', 'Evening', 9410, 1026),
('2017-08-21', 'Afternoon', 9465, 1042),
('2017-09-18', 'Evening', 9732, 1055),
('2017-09-22', 'Afternoon', 9811, 1064),
('2017-11-10', 'Evening', 9899, 1092),
('2017-11-11', 'Afternoon', 9410, 1004),
('2018-01-06', 'Evening', 9465, 1015),
('2018-03-15', 'Afternoon', 9732, 1016),
('2018-04-04', 'Evening', 9811, 1017),
('2018-06-09', 'Afternoon', 9899, 1022),
('2018-06-20', 'Evening', 9410, 1026),
('2018-07-20', 'Afternoon', 9465, 1042),
('2018-09-01', 'Evening', 9732, 1055),
('2018-09-07', 'Afternoon', 9811, 1064),
('2018-09-08', 'Evening', 9899, 1092),
('2018-10-07', 'Afternoon', 9410, 1004),
('2018-10-30', 'Evening', 9465, 1015),
('2018-11-07', 'Afternoon', 9732, 1016),
('2018-11-08', 'Evening', 9811, 1017),
('2018-11-21', 'Afternoon', 9899, 1022),
('2019-01-19', 'Evening', 9410, 1026),
('2019-03-29', 'Afternoon', 9465, 1042),
('2019-04-14', 'Evening', 9732, 1055),
('2019-05-08', 'Afternoon', 9811, 1064),
('2019-05-15', 'Evening', 9899, 1092),
('2019-08-11', 'Afternoon', 9410, 1004),
('2019-08-13', 'Evening', 9465, 1015),
('2019-09-09', 'Afternoon', 9732, 1016),
('2019-09-10', 'Evening', 9811, 1017),
('2019-09-12', 'Afternoon', 9899, 1022),
('2019-09-15', 'Evening', 9410, 1026),
('2019-09-28', 'Afternoon', 9465, 1042),
('2019-09-29', 'Evening', 9732, 1055),
('2019-11-11', 'Afternoon', 9811, 1064),
('2019-11-29', 'Evening', 9899, 1092);

INSERT INTO sousChef (empID)
VALUES 
(1101),
(1114),
(1142),
(1145),
(1149),
(1152),
(1153),
(1154),
(1156),
(1160),
(1162),
(1161),
(1164),
(1166),
(1167),
(1168),
(1177),
(1180),
(1195),
(1196);

INSERT INTO waitStaff (empID)
VALUES 
(3028),
(3065),
(3067),
(3069),
(3147),
(3178),
(3253),
(3366),
(3370),
(3371),
(3377),
(3410),
(3448),
(3456),
(3457),
(3498),
(3516),
(3567),
(3603),
(3660),
(3661),
(3678),
(3731),
(3751),
(3822),
(3823),
(3855),
(3890),
(3938),
(3967);


# NEED ACCOUNTNO (FOR ORDERS AND BILL) FROM OMAR's CUSTOMER CLASS
# NEED EMPID (FOR SEATS) FROM JON's WAITSTAFF CLASS
INSERT INTO Orders (orderNumber, paymentType, orderDateTime, AccountNo)
VALUES 
('1000'	,'Credit Card'		,'2020-01-01 9:30:00'	,'1000'),
('1001'	,'Cash'				,'2020-01-01 10:00:00'	,'1000'),
('1002'	,'Debit Card'		,'2020-01-01 14:30:00'	,'1000'),
('1003'	,'Miming\'s Money'	,'2020-01-01 17:00:00'	,'1000'),
('1004'	,'Debit Card'		,'2020-01-02 10:45:00'	,'1000'),
('1005'	,'Credit Card'		,'2020-01-02 14:30:00'	,'1000'),
('1006'	,'Credit Card'		,'2020-01-02 15:15:00'	,'1000'),
('1007'	,'Cash'				,'2020-01-02 16:00:00'	,'1000'),
('1008'	,'Cash'				,'2020-01-02 16:30:00'	,'1000'),
('1009'	,'Credit Card'		,'2020-01-03 8:30:00'	,'1000'),
('1010'	,'Miming\'s Money'	,'2020-01-03 10:15:00'	,'1000'),
('1011'	,'Cash'				,'2020-01-03 10:30:00'	,'1000'),
('1012'	,'Credit Card'		,'2020-01-03 11:45:00'	,'1000'),
('1013'	,'Miming\'s Money'	,'2020-01-03 13:30:00'	,'1000'),
('1014'	,'Credit Card'		,'2020-01-04 8:30:00'	,'1000'),
('1015'	,'Debit Card'		,'2020-01-04 10:15:00'	,'1000'),
('1016'	,'Debit Card'		,'2020-01-04 14:15:00'	,'1000'),
('1017'	,'Credit Card'		,'2020-01-04 15:00:00'	,'1000'),
('1018'	,'Cash'				,'2020-01-05 7:45:00'	,'1000'),
('1019'	,'Credit Card'		,'2020-01-06 8:30:00'	,'1000'),
('1020'	,'Debit Card'		,'2020-01-06 9:45:00'	,'1000'),
('1021'	,'Miming\'s Money'	,'2020-01-06 13:00:00'	,'1000'),
('1022'	,'Miming\'s Money'	,'2020-01-07 9:30:00'	,'1000'),
('1023'	,'Cash'				,'2020-01-07 10:15:00'	,'1000'),
('1024'	,'Credit Card'		,'2020-01-07 13:45:00'	,'1000'),
('1025'	,'Debit Card'		,'2020-01-08 10:30:00'	,'1000'),
('1026'	,'Credit Card'		,'2020-01-08 12:30:00'	,'1000'),
('1027'	,'Credit Card'		,'2020-01-08 14:15:00'	,'1000'),
('1028'	,'Debit Card'		,'2020-01-08 14:45:00'	,'1000'),
('1029'	,'Credit Card'		,'2020-01-08 15:15:00'	,'1000');

INSERT INTO `Online` (orderNumber, OrdererEmail, EstPickupTime, ReadyPickupTime)
VALUES 
('1000'	,''				,'2020-01-01 9:45:00'	,'2020-01-01 9:45:00'),
('1001'	,''				,'2020-01-01 10:45:00'	,'2020-01-01 11:00:00'),
('1002'	,''				,'2020-01-01 14:45:00'	,'2020-01-01 14:45:00'),
('1003'	,''				,'2020-01-01 17:15:00'	,'2020-01-01 17:15:00'),
('1004'	,''				,'2020-01-02 11:45:00'	,'2020-01-02 12:00:00'),
('1005'	,''				,'2020-01-02 15:00:00'	,'2020-01-02 15:30:00'),
('1006'	,''				,'2020-01-02 15:45:00'	,'2020-01-02 15:45:00'),
('1007'	,''				,'2020-01-02 16:15:00'	,'2020-01-02 16:15:00'),
('1008'	,''				,'2020-01-02 16:45:00'	,'2020-01-02 17:00:00'),
('1009'	,''				,'2020-01-03 9:15:00'	,'2020-01-03 9:30:00');

INSERT INTO Phone (orderNumber, PhonerNumber, EstPickupTime, ReadyPickupTime)
VALUES 
('1010'	,''				,'2020-01-03 11:15:00'	,'2020-01-03 10:45:00'),
('1011'	,''				,'2020-01-03 11:15:00'	,'2020-01-03 11:45:00'),
('1012'	,''				,'2020-01-03 12:15:00'	,'2020-01-03 12:00:00'),
('1013'	,''				,'2020-01-03 14:30:00'	,'2020-01-03 14:15:00'),
('1014'	,''				,'2020-01-04 9:00:00'	,'2020-01-04 9:15:00'),
('1015'	,''				,'2020-01-04 10:30:00'	,'2020-01-04 10:45:00'),
('1016'	,''				,'2020-01-04 14:30:00'	,'2020-01-04 14:30:00'),
('1017'	,''				,'2020-01-04 15:15:00'	,'2020-01-04 15:30:00'),
('1018'	,''				,'2020-01-05 8:45:00'	,'2020-01-05 9:00:00'),
('1019'	,''				,'2020-01-06 9:30:00'	,'2020-01-06 9:45:00');

INSERT INTO EatIn (orderNumber)
VALUES
('1020'),
('1021'),
('1022'),
('1023'),
('1024'),
('1025'),
('1026'),
('1027'),
('1028'),
('1029');

INSERT INTO `Table` (TableNumber)
VALUES
('0'),
('1'),
('2'),
('3'),
('4'),
('5'),
('6'),
('7'),
('8'),
('9'),
('10'),
('11'),
('12'),
('13'),
('14'),
('15'),
('16'),
('17'),
('18'),
('19');

INSERT INTO Seat (TableNumber, SeatNumber, orderNumber, empID)
VALUES
('0'	, '1'	, '1020'	, '1000'),
('2'	, '3'	, '1021'	, '1000'),
('3'	, '1'	, '1022'	, '1000'),
('5'	, '3'	, '1023'	, '1000'),
('6'	, '1'	, '1024'	, '1000'),
('7'	, '5'	, '1025'	, '1000'),
('10'	, '4'	, '1026'	, '1000'),
('13'	, '2'	, '1027'	, '1000'),
('15'	, '5'	, '1028'	, '1000'),
('18'	, '4'	, '1029'	, '1000');

INSERT INTO Bill (orderNumber, paymentType, AccountNo)
VALUES
('1000'	,'Credit Card'		, '1000'),
('1001'	,'Cash'				, '1000'),
('1002'	,'Debit Card'		, '1000'),
('1003'	,'Miming\'s Money'	, '1000'),
('1004'	,'Debit Card'		, '1000'),
('1005'	,'Credit Card'		, '1000'),
('1006'	,'Credit Card'		, '1000'),
('1007'	,'Cash'				, '1000'),
('1008'	,'Cash'				, '1000'),
('1009'	,'Credit Card'		, '1000'),
('1010'	,'Miming\'s Money'	, '1000'),
('1011'	,'Cash'				, '1000'),
('1012'	,'Credit Card'		, '1000'),
('1013'	,'Miming\'s Money'	, '1000'),
('1014'	,'Credit Card'		, '1000'),
('1015'	,'Debit Card'		, '1000'),
('1016'	,'Debit Card'		, '1000'),
('1017'	,'Credit Card'		, '1000'),
('1018'	,'Cash'				, '1000'),
('1019'	,'Credit Card'		, '1000'),
('1020'	,'Debit Card'		, '1000'),
('1021'	,'Miming\'s Money'	, '1000'),
('1022'	,'Miming\'s Money'	, '1000'),
('1023'	,'Cash'				, '1000'),
('1024'	,'Credit Card'		, '1000'),
('1025'	,'Debit Card'		, '1000'),
('1026'	,'Credit Card'		, '1000'),
('1027'	,'Credit Card'		, '1000'),
('1028'	,'Debit Card'		, '1000'),
('1029'	,'Credit Card'		, '1000');

insert into menus (name)
    values ('Evening'),
    ('Lunch'),
    ('Childrens'),
    ('Sunday Brunch Buffet');
    
insert into AvailableDays (dayName)
    values ('Sunday'),
    ('Monday'),
    ('Tuesday'),
    ('Wednesday'),
    ('Thursday'),
    ('Friday'),
    ('Saturday');
    
insert into meats (name)
values ('Chefs Special'),
    ('Pork'),
    ('Chicken'),
    ('Beef'),
    ('Seafood'),
    ('Vegetables'),
    ('N/A');
    
insert into SpiceLevels (name)
values ('Tangy'),
    ('Piquant'),
    ('Hot'),
    ('Oh My God');
    
insert into MenuItems (itemNum, name, description, recipeNo)
    values (1, 'Hot and Sour Soup', 'Spicyand savory soup, made with pork, mushrooms, bamboo shoots, tofu, and eggs in a savory seasoned broth with soy sauce and vinegar.', 1),
    (2, 'Wonton Soup', 'Light and airy pork wontons in a chicken broth.', 2),
    (3, 'Egg Drop Soup', 'Wispy beaten eggs in boiled chicken broth.', 3),
    (4, 'Fried Wontons', 'Tender wrappers stuffed with ground pork, mushrooms and seasonings, then deep fried to crispy golden brown', 4),
    (5, 'Egg Rolls', 'Deep-fried appetizers. Savory roll with shredded cabbage, chopped pork, and other fillings.', 5),
    (6, 'Chow Mein', 'Chinese stir-fried noodles with choice of meat.', 6),
    (7, 'Egg Foo Young', 'Chinese egg omelette dish made with an easy gravy topping, vegatable and choice of meat', 7),
    (8, 'Chop Suey', 'Choice of meat and eggs, cooked quickly with vegetables such as bean sprouts, cabbage, and celery and flavorful ', 8);
    
insert into menuusage (name, day, useStartTime, useEndTime) 
    values ('Lunch', 'Monday', '10:00', '14:00'),
    ('Lunch', 'Tuesday', '10:00', '14:00'),
    ('Lunch', 'Wednesday', '10:00', '14:00'),
    ('Lunch', 'Thursday', '10:00', '14:00'),
    ('Lunch', 'Friday', '10:00', '14:00'),
    ('Lunch', 'Saturday', '10:00', '14:00'),
    ('Evening', 'Monday', '14:00', '23:00'),
    ('Evening', 'Tuesday', '14:00', '23:00'),
    ('Evening', 'Wednesday', '14:00', '23:00'),
    ('Evening', 'Thursday', '14:00', '23:00'),
    ('Evening', 'Friday', '14:00', '23:00'),
    ('Evening', 'Saturday', '14:00', '23:00'),
    ('Evening', 'Sunday', '10:00', '23:00'),
    ('Childrens', 'Monday', '10:00', '23:00'),
    ('Childrens', 'Tuesday', '10:00', '23:00'),
    ('Childrens', 'Wednesday', '10:00', '23:00'),
    ('Childrens', 'Thursday', '10:00', '23:00'),
    ('Childrens', 'Friday', '10:00', '23:00'),
    ('Childrens', 'Saturday', '10:00', '23:00'),
    ('Childrens', 'Sunday', '10:00', '23:00'),
    ('Sunday Brunch Buffet', 'Sunday', '10:00', '14:00');
